series_id,source,family,scenario_id,control_value,n_nodes,money_distribution,events,unique_sizes,sample_min,sample_max,min_tail_required,fit_status,xmin,alpha,ks,tail_n,candidate_count,powerlaw_loglikelihood,bootstrap_samples_requested,bootstrap_samples_valid,bootstrap_p,bootstrap_ks_mean,bootstrap_ks_p95,bootstrap_status,exponential_q,exponential_lambda,pl_vs_exponential_R,pl_vs_exponential_z,pl_vs_exponential_p,lognormal_mu,lognormal_sigma,lognormal_optimization_success,lognormal_optimization_at_boundary,lognormal_optimization_starts,pl_vs_lognormal_R,pl_vs_lognormal_z,pl_vs_lognormal_p,bounded_fit_status,bounded_xmax,bounded_xmin,bounded_alpha,bounded_ks,bounded_tail_n,bounded_candidate_count,bounded_powerlaw_loglikelihood,bounded_bootstrap_samples_requested,bounded_bootstrap_samples_valid,bounded_bootstrap_p,bounded_bootstrap_ks_mean,bounded_bootstrap_ks_p95,bounded_vs_unbounded_R_same_xmin
phase2__finite_fixed__N1000_K140__lognormal__biased__random,phase2_new,finite_fixed,finite_fixed__N1000_K140__lognormal__biased__random,0.14,1000,lognormal,7492,114,1,114,100,ok,98,27.567318786057616,0.03936503199991892,201,100,-470.56774510415966,200,200,0.17412935323383086,0.030241798245295402,0.046790111680759014,ok,0.7686996547756041,0.2630549517287464,-0.5753556908875455,-1.767627603548483,0.07712318020370637,4.377177066453473,0.10109554583962821,True,False,24,-1.0694315595206048,-0.96201757377629,0.3360407763105586,ok,1000,98,27.5673224048357,0.039365081987735584,201,100,-470.56774510415863,200,200,0.16417910447761194,0.029697763563141272,0.04743199295921698,1.0231815394945443e-12
phase2__finite_fixed__N100_K14__lognormal__biased__random,phase2_new,finite_fixed,finite_fixed__N100_K14__lognormal__biased__random,0.14,100,lognormal,7125,18,1,18,100,ok,12,11.877401446790012,0.027465684451708605,309,13,-367.76916615583116,200,200,0.08955223880597014,0.016836534994598636,0.030047329799387235,ok,0.4245810055865922,0.856652465554424,-1.6814473675866484,-1.6618548581241959,0.09654187974410083,2.053242637216626,0.228009040556149,True,False,24,-1.863827248023441,-1.1674122798782092,0.24304391437680006,ok,100,12,11.877400948071022,0.02746566780693005,309,13,-367.7691661373667,200,200,0.11442786069651742,0.016614453355526776,0.03231469302520501,1.8464447748556267e-08
phase2__finite_fixed__N200_K28__lognormal__biased__random,phase2_new,finite_fixed,finite_fixed__N200_K28__lognormal__biased__random,0.14,200,lognormal,7328,29,1,29,100,ok,23,17.599086456139496,0.022992558842347632,131,23,-182.00562881675546,200,200,0.5671641791044776,0.02661064775383566,0.04723516957878841,ok,0.5,0.6931471805599453,-0.4010675100498061,-0.9231226785649267,0.3559432773752449,2.6958894546206715,0.17920463489981997,True,False,24,-0.4643355645292857,-0.6143331396632197,0.538995207795993,ok,200,23,17.599085283637802,0.0229925345839066,131,23,-182.0056288167557,200,200,0.5074626865671642,0.024880689438616863,0.042834621638899104,-2.2737367544323206e-13
phase2__finite_fixed__N500_K70__lognormal__biased__random,phase2_new,finite_fixed,finite_fixed__N500_K70__lognormal__biased__random,0.14,500,lognormal,7473,61,1,67,100,ok,51,21.636973359773275,0.02915267026609991,165,52,-321.90628488584707,200,200,0.4975124378109453,0.02971064476335252,0.044739467284345,ok,0.6771037181996087,0.38993081514598005,-0.4702436553225371,-0.9048742338123213,0.36553201870155916,3.5932066805845926,0.14249722898969472,True,False,24,-0.6451161847172768,-0.5652873491787467,0.5718783320641361,ok,500,51,21.636974185083243,0.029152684734643608,165,52,-321.90628488584866,200,200,0.5074626865671642,0.03056533857951064,0.04573134807905611,-1.5916157281026244e-12
phase2__finite_income__N1000_c0p18__lognormal__biased__random,phase2_new,finite_income,finite_income__N1000_c0p18__lognormal__biased__random,0.18,1000,lognormal,7500,88,2,89,100,ok,71,16.902640769561447,0.035265334021793104,417,77,-1065.1848895156847,200,200,0.009950248756218905,0.021239085418896596,0.031589924531211476,ok,0.8079226163058498,0.21328899694616352,-3.0856415229665486,-4.35835304263948,1.3104487090380832e-05,4.127485502981875,0.12211912172200826,True,False,24,-6.015830510755282,-2.331710692305239,0.019715915945839046,ok,1000,71,16.902640301768727,0.035265325638248024,417,77,-1065.1848895156859,200,200,0.03482587064676617,0.022753580087325805,0.03414344935121572,-1.1368683772161603e-12
phase2__finite_income__N100_c0p18__lognormal__biased__random,phase2_new,finite_income,finite_income__N100_c0p18__lognormal__biased__random,0.18,100,lognormal,6992,15,1,15,100,ok,10,10.226190047119811,0.05519914293870409,213,10,-252.11120400630625,200,200,0.014925373134328358,0.022052460623417158,0.040962384865206994,ok,0.4196185286103542,0.8684092456409411,-2.4893378380853894,-2.853213600835267,0.004327951995074357,2.124788847073558,0.1865533567913219,True,False,24,-3.770711611276007,-1.6367118406360783,0.10169069373095187,ok,100,10,10.226189436418323,0.05519911907247077,213,10,-252.1112039277793,200,200,0.004975124378109453,0.019864401877927273,0.03775323108874699,7.85269662628707e-08
phase2__finite_income__N200_c0p18__lognormal__biased__random,phase2_new,finite_income,finite_income__N200_c0p18__lognormal__biased__random,0.18,200,lognormal,7408,25,1,25,100,ok,18,13.140092407053986,0.010470976619779138,232,19,-341.280883740654,200,200,0.9701492537313433,0.022562444833444557,0.039251016086933384,ok,0.5294117647058824,0.6359887667199967,-0.41275747541467633,-0.5188969265501677,0.6038326211552056,1.8628415913651957,0.30941977142526006,True,False,24,-0.3791516304728919,-0.6007004482418098,0.5480395204436601,ok,200,18,13.140093194704681,0.010470973529309924,232,19,-341.2808837406221,200,200,0.9303482587064676,0.02160476617321491,0.03954384100145883,3.1946001399774104e-11
phase2__finite_income__N500_c0p18__lognormal__biased__random,phase2_new,finite_income,finite_income__N500_c0p18__lognormal__biased__random,0.18,500,lognormal,7494,47,1,47,100,ok,40,21.500273368375804,0.03896368397642114,122,40,-209.4573482015586,200,200,0.4129353233830846,0.03546554787609448,0.056347591782933255,ok,0.6089743589743589,0.4959791156489963,-0.6654947729497793,-2.1897369538536777,0.02854331940680035,3.5669926646174814,0.09764195658177476,True,False,24,-1.5476280935637616,-1.1293787580229504,0.25873808978500457,ok,500,40,21.50027814802868,0.03896376195620033,122,40,-209.45734820155826,200,200,0.417910447761194,0.0363133641099462,0.053791316720938134,3.410605131648481e-13
phase2__fixed__K18__lognormal__biased__random,phase2_new,fixed,fixed__K18__lognormal__biased__random,18.0,200,lognormal,17025,20,1,21,100,ok,14,11.674560081987217,0.021756958470905974,349,15,-474.19907992313506,200,200,0.20398009950248755,0.016324290958444877,0.027795773959372543,ok,0.48751835535976507,0.7184273372330238,-2.3780599642383606,-2.2431154419731274,0.02488937114183524,2.2770203730617724,0.21643767354904708,True,False,24,-2.728870091472066,-1.4694016988903598,0.14172386680558866,ok,200,14,11.674559062630655,0.021756926305015578,349,15,-474.19907992302427,200,200,0.25870646766169153,0.016827219868039634,0.028587232221981392,1.1078782335971482e-10
phase2__fixed__K18__pareto__biased__random,phase2_new,fixed,fixed__K18__pareto__biased__random,18.0,200,pareto,12622,19,1,19,100,ok,13,10.006940690661438,0.02910898945481455,130,13,-190.41518437542382,200,200,0.34328358208955223,0.026369560083963642,0.047736176982947895,ok,0.5255474452554745,0.6433148068120695,-0.8506769232623816,-1.2637116026935231,0.20633355907873008,2.0434130030530313,0.2769235427775332,True,False,24,-0.8165193431511679,-0.9466417767938642,0.34382134827003374,ok,200,13,10.006940924001906,0.029108998389274332,130,13,-190.41518437356592,200,200,0.48756218905472637,0.028779521902452334,0.04421479081032853,1.8578987237560796e-09
phase2__fixed__K20__lognormal__biased__random,phase2_new,fixed,fixed__K20__lognormal__biased__random,20.0,200,lognormal,17275,23,1,23,100,ok,17,15.957159820550341,0.022500483848245212,180,17,-216.48598508500135,200,200,0.4228855721393035,0.021534196561829685,0.04006585653515765,ok,0.43037974683544306,0.84308732785086,-0.5247432118780472,-0.8927056315898008,0.37201483374386124,2.3159286936993406,0.20336761289493702,True,False,24,-0.5683640115917656,-0.6498533536342173,0.5157869515717417,ok,200,17,15.957160853612878,0.02250050894288469,180,17,-216.4859850850011,200,200,0.4527363184079602,0.022734639646010208,0.041170853196527336,2.5579538487363607e-13
phase2__fixed__K20__pareto__biased__random,phase2_new,fixed,fixed__K20__pareto__biased__random,20.0,200,pareto,13362,23,1,23,100,ok,15,11.202537027672662,0.03581111539443671,210,16,-309.4959123495097,200,200,0.15422885572139303,0.02461887143000764,0.046406895550928424,ok,0.5280898876404494,0.6384887680220813,-1.7480340600785613,-1.9055132335386455,0.056713388889034495,2.419307345370956,0.2059380247546871,True,False,24,-2.236984810595195,-1.2003129120574585,0.23001783694278422,ok,200,15,11.202537520064743,0.03581113238365219,210,16,-309.49591234901635,200,200,0.13930348258706468,0.024264305611538937,0.04145525057850762,4.933440322929528e-10
phase2__fixed__K22__lognormal__biased__random,phase2_new,fixed,fixed__K22__lognormal__biased__random,22.0,200,lognormal,17424,25,1,25,100,ok,20,19.46550692219369,0.02033438890450312,102,20,-117.17718035854196,200,200,0.6567164179104478,0.024470574487076024,0.04030045375280552,ok,0.41040462427745666,0.8906117174564635,-0.055232735355253526,-0.16653032241512924,0.8677396224840949,1.6415137908151032,0.2795850812997956,True,False,24,-0.05042568597449204,-0.2316454360586711,0.8168134143169316,ok,200,20,19.465505613777076,0.02033436785860332,102,20,-117.17718035854145,200,200,0.6218905472636815,0.02277462709317817,0.037851777416582695,5.115907697472721e-13
phase2__fixed__K22__pareto__biased__random,phase2_new,fixed,fixed__K22__pareto__biased__random,22.0,200,pareto,13910,27,1,28,100,ok,14,7.416000551976675,0.040545132513981286,930,19,-1778.2897807315042,200,200,0.004975124378109453,0.013764762363177759,0.022132376112492472,ok,0.6635311143270622,0.4101795320711503,-13.018392084573652,-4.4717062994436505,7.759795194087076e-06,2.309586208778592,0.2971254066102311,True,False,24,-13.800421332870513,-3.2270097656339285,0.0012509119078657944,ok,200,14,7.41599703280234,0.04054495069451358,930,19,-1778.289752220746,200,200,0.004975124378109453,0.012705187411439486,0.01994423401690899,2.8510758056654595e-05
phase2__fixed__K24__lognormal__biased__random,phase2_new,fixed,fixed__K24__lognormal__biased__random,24.0,200,lognormal,17525,29,1,30,100,ok,22,16.240866215532524,0.011734828143736886,117,22,-167.65769930189256,200,200,0.8308457711442786,0.01832182304963317,0.03004920466129127,ok,0.5165289256198348,0.6606239888543851,-0.04833710609956654,-0.09164924643820974,0.9269767230666995,1.634985332752372,0.3206118981044952,True,False,24,-0.07504592743383398,-0.2410477633272009,0.8095180979226229,ok,200,22,16.24086649762542,0.011734834536076932,117,22,-167.65769930189236,200,200,0.8308457711442786,0.01761700528528282,0.027759705620430494,1.9895196601282805e-13
phase2__fixed__K24__pareto__biased__random,phase2_new,fixed,fixed__K24__pareto__biased__random,24.0,200,pareto,14193,27,1,28,100,ok,20,13.185953316311428,0.032818603467244134,168,20,-263.91218045303015,200,200,0.2885572139303483,0.02714929562416019,0.04412621859465922,ok,0.5613577023498695,0.5773969610529831,-1.3279041840377002,-2.0575786085269794,0.039630601845088945,2.7730858789661066,0.16808863864749568,True,False,24,-1.9579820600808286,-1.1896534998431056,0.2341826088924388,ok,200,20,13.185952790988722,0.03281858923479075,168,20,-263.91218045294966,200,200,0.29850746268656714,0.029362157681880646,0.04826625127600546,8.049028110690415e-11
phase2__fixed__K26__lognormal__biased__random,phase2_new,fixed,fixed__K26__lognormal__biased__random,26.0,200,lognormal,17601,28,1,28,100,ok,24,22.680705539775893,0.026896129422068205,101,24,-117.59864610219364,200,200,0.3781094527363184,0.02454482543653797,0.04395995569761246,ok,0.4161849710982659,0.8766254754817236,-0.12633302420106873,-0.4952701071059867,0.6204094688756117,2.467105589451445,0.19011834604745967,True,False,24,-0.11243834036108957,-0.36671689419942677,0.7138302034771987,ok,200,24,22.680704616950035,0.02689611660025637,101,24,-117.59864610219351,200,200,0.3333333333333333,0.0235752195568379,0.04024217567296466,1.2789769243681803e-13
phase2__fixed__K26__pareto__biased__random,phase2_new,fixed,fixed__K26__pareto__biased__random,26.0,200,pareto,14591,31,1,31,100,ok,25,15.32682513442248,0.03636998045350848,114,25,-184.9545779321275,200,200,0.35323383084577115,0.03279906045898999,0.05223225227432978,ok,0.5777777777777778,0.5485659517488376,-1.0848092504666098,-2.7808504867609027,0.005421670044420179,3.123788824134046,0.11650588396648144,True,False,24,-2.405075287839795,-1.479366084367366,0.13904249948924266,ok,200,25,15.326824599383157,0.03636996864849251,114,25,-184.95457793211767,200,200,0.3333333333333333,0.032065563694194124,0.049873242666564614,9.833911462919787e-12
phase2__income__c0p12__lognormal__biased__random,phase2_new,income,income__c0p12__lognormal__biased__random,0.12,200,lognormal,16615,17,1,17,100,ok,11,10.350565012455663,0.031205352979684298,230,12,-290.20253489232243,200,200,0.13432835820895522,0.020088980602482737,0.038873176027447484,ok,0.45107398568019097,0.7961239048624953,-1.7830463435540778,-1.8993584270365074,0.05751736562872389,2.0262033822317633,0.2370381562068075,True,False,24,-1.9937445785681458,-1.280915019256324,0.20022351676488215,ok,200,11,10.350565498333529,0.031205371727155984,230,12,-290.2025348920708,200,200,0.0945273631840796,0.020229801388640733,0.03504995843750353,2.516458152967971e-10
phase2__income__c0p12__pareto__biased__random,phase2_new,income,income__c0p12__pareto__biased__random,0.12,200,pareto,10857,16,1,16,100,ok,6,4.947193902011662,0.0359747791462911,1045,10,-1689.9835412275925,200,200,0.004975124378109453,0.011186078096027485,0.01937380776835424,ok,0.5739910313901346,0.5551415075405014,-16.651149157307344,-3.4218791374833546,0.0006218995176215233,1.26808157513688,0.475541965425819,True,False,24,-15.585753765118318,-3.5796669312905913,0.00034403242218765645,ok,200,6,4.947152931387873,0.03597161984826369,1045,10,-1689.9828067247959,200,200,0.004975124378109453,0.011522800977689585,0.01803462943196452,0.0007345027966039197
phase2__income__c0p14__lognormal__biased__random,phase2_new,income,income__c0p14__lognormal__biased__random,0.14,200,lognormal,17233,22,1,24,100,ok,16,12.30482006067433,0.03637189561462956,113,16,-161.55324364444567,200,200,0.19900497512437812,0.028069070887412746,0.04333549274904329,ok,0.5129310344827587,0.6676138785547805,-0.8206926126282372,-1.2618250462854819,0.20701174756639962,2.487529900177855,0.19158582450799858,True,False,24,-1.0916190489210935,-0.7905647278075568,0.4291980365942759,ok,200,16,12.304819882423681,0.036371890143787555,113,16,-161.5532436444144,200,200,0.26865671641791045,0.030008849461847377,0.04402763316817809,3.126388037344441e-11
phase2__income__c0p14__pareto__biased__random,phase2_new,income,income__c0p14__pareto__biased__random,0.14,200,pareto,12615,24,1,24,100,ok,15,11.563223978634248,0.010431383111922488,274,16,-393.80820192848785,200,200,0.9402985074626866,0.02057930016042002,0.0342423762777817,ok,0.519298245614035,0.6552769065045355,0.8610241135585885,0.6872877035243373,0.49190144606259634,-8.053851136820592,1.0186952418384663,True,False,24,-0.008766958666985403,-0.09111213445627812,0.9274034908470529,ok,200,15,11.563223547355664,0.01043139725986264,274,16,-393.8082019282373,200,200,0.9253731343283582,0.020326388003444523,0.033770883244133416,2.5056579033844173e-10
phase2__income__c0p16__lognormal__biased__random,phase2_new,income,income__c0p16__lognormal__biased__random,0.16,200,lognormal,17525,28,1,29,100,ok,15,8.726490451669628,0.02780563742372505,896,19,-1589.2876889600254,200,200,0.009950248756218905,0.012606637741773497,0.01947565995312302,ok,0.625574592561638,0.46908470348874504,-6.870931097009565,-2.6245694711714647,0.00867585917305362,2.1788629285969687,0.30787149583041157,True,False,24,-6.77024294214614,-2.215590550431014,0.026719556615919782,ok,200,15,8.72649079178481,0.027805651538785114,896,19,-1589.2876875666457,200,200,0.004975124378109453,0.011922634130868888,0.019460366231218496,1.393379761793767e-06
phase2__income__c0p16__pareto__biased__random,phase2_new,income,income__c0p16__pareto__biased__random,0.16,200,pareto,13651,24,1,24,100,ok,17,13.083699776620296,0.026544561689396118,158,17,-224.33189097441118,200,200,0.472636815920398,0.028382293733308413,0.053827669401021565,ok,0.5108359133126934,0.6717068493220761,-0.5212089853496717,-0.7632122216890567,0.4453368411623032,2.19288456692869,0.2524798840841709,True,False,24,-0.5171424679725884,-0.6405949628178261,0.5217858731200764,ok,200,17,13.083699207563562,0.0265445453165839,158,17,-224.33189097439868,200,200,0.5124378109452736,0.029022527371296,0.054464933527630946,1.2505552149377763e-11
phase2__income__c0p18__lognormal__biased__random,phase2_new,income,income__c0p18__lognormal__biased__random,0.18,200,lognormal,17764,29,1,29,100,ok,20,11.372378412182158,0.027836069972974053,431,23,-750.6513530728158,200,200,0.08955223880597014,0.018021365919550298,0.03091553873109973,ok,0.6155218554861731,0.4852848254808548,-3.8255719816404836,-3.3428187578821213,0.0008293204624305464,2.7224141955509604,0.2012787915656683,True,False,24,-4.8350239768976095,-2.042336008909868,0.04111821254827436,ok,200,20,11.372378054297528,0.027836058400079078,431,23,-750.6513530589406,200,200,0.08955223880597014,0.018298435088252907,0.03160688907113782,1.3875251170247793e-08
phase2__income__c0p18__pareto__biased__random,phase2_new,income,income__c0p18__pareto__biased__random,0.18,200,pareto,14457,26,1,26,100,ok,16,9.61065774140027,0.02606216558211244,614,19,-1055.9091324835051,200,200,0.03980099502487562,0.01564536247228379,0.024997700435863277,ok,0.6084183673469388,0.49689252946206663,-6.211037900082321,-3.660743214186078,0.0002514847050997562,2.449285941154997,0.24082354553384727,True,False,24,-7.00794551744284,-2.4012768076225295,0.016337972381475455,ok,200,16,9.61065717027063,0.026062144938239773,614,19,-1055.9091323171103,200,200,0.04477611940298507,0.014782864095881379,0.024976657276421427,1.6639478417346254e-07
phase2__income__c0p20__lognormal__biased__random,phase2_new,income,income__c0p20__lognormal__biased__random,0.2,200,lognormal,17897,33,1,33,100,ok,22,12.980477431669133,0.03557691706290533,662,25,-1114.2875918687305,200,200,0.004975124378109453,0.014865545884239082,0.024115973881807678,ok,0.5975683890577508,0.5148865430523056,-5.581789040562713,-4.210912049663111,2.543417589249346e-05,2.8823873879026594,0.16690254435418136,True,False,24,-8.395725050252807,-2.424985206850271,0.015309010557102305,ok,200,22,12.980477799857413,0.035576926743737525,662,25,-1114.2875918671075,200,200,0.004975124378109453,0.014320047523627437,0.023652401656912275,1.6229932953137904e-09
phase2__income__c0p20__pareto__biased__random,phase2_new,income,income__c0p20__pareto__biased__random,0.2,200,pareto,15088,30,1,30,100,ok,21,14.293795134097307,0.020890218640444824,389,23,-594.4837744674855,200,200,0.24378109452736318,0.01751441635671344,0.028768766777648135,ok,0.5481997677119629,0.6011155188421753,-1.690852019166992,-1.7700760616548676,0.07671447074350694,2.607154036805248,0.20426647024463684,True,False,24,-1.891443839684543,-1.2117582187022797,0.2256049461572599,ok,200,21,14.293795321063326,0.02089022335205154,389,23,-594.4837744674587,200,200,0.3283582089552239,0.01835899809054311,0.030743723441274174,2.6830093702301383e-11
existing_c020__lognormal__biased__random,existing_c020_focus,existing_income_c020,lognormal__biased__random,0.2,200,lognormal,11898,30,1,30,100,ok,21,12.529628492438142,0.019649429099887872,248,22,-416.0378352450954,200,200,0.6467661691542289,0.023869146914029776,0.03758177392353191,ok,0.5974025974025974,0.5151640253645889,-0.822556003529338,-0.9613938002855138,0.3363542003520503,2.3225658937120386,0.2736459105810294,True,False,24,-0.7515591138660387,-0.8324384553108739,0.4051615035205901,ok,200,21,12.529627871571615,0.01964941814791432,248,22,-416.03783524413626,200,200,0.6616915422885572,0.025156005274599425,0.04200430605619918,9.591190064384136e-10
existing_c020__pareto__biased__random,existing_c020_focus,existing_income_c020,pareto__biased__random,0.2,200,pareto,9189,25,1,27,100,ok,15,7.950043142448006,0.03381338270861711,455,18,-860.691047380391,200,200,0.009950248756218905,0.01911956615585106,0.029560186052868673,ok,0.6576373212942062,0.4191016830577099,-6.688665296108288,-3.7790377913084288,0.00015743553207140791,2.4382989018093895,0.26452457205488256,True,False,24,-7.488485631869211,-2.480796790650181,0.013108908219094668,ok,200,15,7.950041429868149,0.033813315565349056,455,18,-860.6910419544502,200,200,0.01990049751243781,0.018513132720247426,0.029850386080311365,5.425940798886586e-06
existing_c020__uniform__biased__random,existing_c020_focus,existing_income_c020,uniform__biased__random,0.2,200,uniform,11739,19,1,19,100,ok,13,11.769578095748702,0.010372760050419316,196,13,-250.39060796350194,200,200,0.9353233830845771,0.020539646730317253,0.034687849290579144,ok,0.4585635359116022,0.7796564234692278,-0.7158493589403907,-0.9127829061440081,0.3613567303177737,1.8746144809804544,0.2781414876505098,True,False,24,-0.6603100456942013,-0.7759067350393934,0.4378040556574949,ok,200,13,11.769578127284092,0.0103727611036728,196,13,-250.39060796348122,200,200,0.945273631840796,0.020942477178680047,0.034986895299706944,2.071942617476452e-11
existing_fixed_K10__lognormal,existing_fixed_sweep,existing_fixed,K10__lognormal__biased__random,10.0,200,lognormal,6501,11,1,11,100,ok,7,9.104987871841125,0.02344398457855268,111,7,-108.54812543382917,200,200,0.42786069651741293,0.02347558293729997,0.042885486889427185,ok,0.33928571428571425,1.080912711568709,-0.9339515063200822,-1.3521990753969184,0.1763116394122175,1.5628498754714981,0.26045217351325284,True,False,24,-1.0008070381453456,-0.932166289309254,0.35125059412223714,ok,200,7,9.104987640557878,0.02344397430454548,111,7,-108.5481254337279,200,200,0.5223880597014925,0.024672665214501316,0.04318811025265754,1.0126655070052948e-10
existing_fixed_K10__pareto,existing_fixed_sweep,existing_fixed,K10__pareto__biased__random,10.0,200,pareto,3847,10,1,10,100,ok,5,6.253518550647484,0.028096863695121432,131,5,-145.22616392374292,200,200,0.27860696517412936,0.02341391184237756,0.038917486470217755,ok,0.39631336405529954,0.9255500572869518,0.4868449773843011,0.3891169245873734,0.6971896541559872,-1.2399970101337456,0.778540943208879,True,False,24,-0.1420445133944792,-0.430616948035851,0.6667469159599215,ok,200,5,6.253518195636897,0.02809685329469691,131,5,-145.2261636198665,200,200,0.31343283582089554,0.023922953061308982,0.038115339797576434,3.0387641913875996e-07
existing_fixed_K20__lognormal,existing_fixed_sweep,existing_fixed,K20__lognormal__biased__random,20.0,200,lognormal,7706,23,1,23,100,ok,18,17.180896237848998,0.02006309248230842,118,18,-139.12021981729384,200,200,0.6965174129353234,0.027994510349291436,0.049524871643860234,ok,0.4215686274509804,0.8637726975907086,-0.23839423782375668,-0.6002653866494496,0.5483293828611444,2.211216221210989,0.21885691722078454,True,False,24,-0.22246392201190535,-0.46665794303787295,0.6407446241548962,ok,200,18,17.18089647374764,0.020063096910956757,118,18,-139.12021981729384,200,200,0.7014925373134329,0.027256041250500084,0.04740625038755417,0.0
existing_fixed_K20__pareto,existing_fixed_sweep,existing_fixed,K20__pareto__biased__random,20.0,200,pareto,6353,23,1,24,100,ok,16,12.66342836602293,0.032005621094136294,159,16,-222.15613546082034,200,200,0.3333333333333333,0.027636883268737842,0.049129883751897634,ok,0.503125,0.6869166308093091,-0.3552877223285874,-0.4689153064003589,0.6391301750341044,1.9058275164993264,0.29337367226224886,True,False,24,-0.35295227078320135,-0.5191394800378243,0.6036634787572491,ok,200,16,12.663427959849585,0.032005608904625116,159,16,-222.1561354608025,200,200,0.40298507462686567,0.029229261070464543,0.055393448115926044,1.7848833522293717e-11
existing_fixed_K30__lognormal,existing_fixed_sweep,existing_fixed,K30__lognormal__biased__random,30.0,200,lognormal,7917,35,1,35,100,ok,28,21.29438923352387,0.03519406712081513,221,29,-304.44955760054916,200,200,0.08955223880597014,0.021517720527364483,0.04016809573556995,ok,0.49543378995433784,0.7023215568359867,-0.8693576093688482,-1.7259827967569221,0.08435050772615808,3.124706592587196,0.11759218824925163,True,False,24,-1.57555424565418,-0.9464711052194431,0.34390835323551794,ok,200,28,21.294391481016348,0.03519410590060551,221,29,-304.44955760054864,200,200,0.11442786069651742,0.02179759486344041,0.038498278133057826,5.115907697472721e-13
existing_fixed_K30__pareto,existing_fixed_sweep,existing_fixed,K30__pareto__biased__random,30.0,200,pareto,7036,35,1,35,100,ok,28,18.14098238310842,0.03248577843453371,177,28,-274.15677797535864,200,200,0.23383084577114427,0.02615561888012544,0.04224906327685105,ok,0.5552763819095478,0.5882893037666849,-0.7213395731436028,-1.51509820229207,0.12974753687536383,3.0313293666015437,0.15108548592750057,True,False,24,-1.0040311720322657,-0.9004358518465742,0.3678883486925185,ok,200,28,18.140981518044892,0.03248576022865346,177,28,-274.1567779753575,200,200,0.31343283582089554,0.027218623608476333,0.04678804210276921,1.1368683772161603e-12
existing_fixed_K50__lognormal,existing_fixed_sweep,existing_fixed,K50__lognormal__biased__random,50.0,200,lognormal,11953,54,1,54,100,ok,45,25.140390123120714,0.031008776808016003,409,47,-681.4709947131105,200,200,0.024875621890547265,0.017073633478425724,0.029468404143727683,ok,0.5934393638170974,0.5218202372670825,-1.8352354663571664,-3.730433929420462,0.00019115026715482743,3.69233401866836,0.08557833316827985,True,False,24,-4.701117743271775,-1.896102770795903,0.057946456289692104,ok,200,45,25.140388438373318,0.031008754944410688,409,47,-681.4709947131132,200,200,0.04975124378109453,0.018196475462303286,0.030418214714525424,-2.7284841053187847e-12
existing_fixed_K50__pareto,existing_fixed_sweep,existing_fixed,K50__pareto__biased__random,50.0,200,pareto,11221,53,1,53,100,ok,45,23.058175076699623,0.03696240276174523,449,48,-789.4443705358435,200,200,0.024875621890547265,0.01795832674029762,0.03150077590802998,ok,0.6217354675652906,0.47524057000919556,-2.2163132855884955,-4.18460384805698,2.856638340438616e-05,3.683283707419331,0.0934324174648589,True,False,24,-5.245271518277609,-2.1738106603133036,0.029719357614471868,ok,200,45,23.058176020243508,0.03696241847634152,449,48,-789.4443705358416,200,200,0.01990049751243781,0.017148365584121757,0.028709056657973655,1.9326762412674725e-12
