scenario_id,family,n_nodes,period_length_rule,drive_value,size_bin_left,size_bin_right,event_count,mean_size,mean_duration,median_duration,p95_duration
fixed_k_transition__N-200__fixed-K-18,fixed_k_transition,200,fixed,18.0,1.0,2.0,468,1.0,1.0,1.0,1.0
fixed_k_transition__N-200__fixed-K-18,fixed_k_transition,200,fixed,18.0,2.0,3.0,476,2.0,1.0609243697478992,1.0,2.0
fixed_k_transition__N-200__fixed-K-18,fixed_k_transition,200,fixed,18.0,3.0,4.0,523,3.0,1.1644359464627152,1.0,2.0
fixed_k_transition__N-200__fixed-K-18,fixed_k_transition,200,fixed,18.0,4.0,5.0,522,4.0,1.239463601532567,1.0,2.0
fixed_k_transition__N-200__fixed-K-18,fixed_k_transition,200,fixed,18.0,5.0,6.0,562,5.0,1.3469750889679715,1.0,2.0
fixed_k_transition__N-200__fixed-K-18,fixed_k_transition,200,fixed,18.0,6.0,8.0,903,6.436323366555925,1.5337763012181618,1.0,3.0
fixed_k_transition__N-200__fixed-K-18,fixed_k_transition,200,fixed,18.0,8.0,11.0,784,8.752551020408163,1.850765306122449,2.0,3.0
fixed_k_transition__N-200__fixed-K-18,fixed_k_transition,200,fixed,18.0,11.0,14.0,203,11.61576354679803,2.3497536945812807,2.0,4.0
fixed_k_transition__N-200__fixed-K-18,fixed_k_transition,200,fixed,18.0,14.0,18.0,27,14.88888888888889,3.037037037037037,3.0,5.0
fixed_k_transition__N-200__fixed-K-20,fixed_k_transition,200,fixed,20.0,1.0,2.0,362,1.0,1.0,1.0,1.0
fixed_k_transition__N-200__fixed-K-20,fixed_k_transition,200,fixed,20.0,2.0,3.0,390,2.0,1.0564102564102564,1.0,2.0
fixed_k_transition__N-200__fixed-K-20,fixed_k_transition,200,fixed,20.0,3.0,4.0,423,3.0,1.1583924349881796,1.0,2.0
fixed_k_transition__N-200__fixed-K-20,fixed_k_transition,200,fixed,20.0,4.0,5.0,439,4.0,1.2072892938496582,1.0,2.0
fixed_k_transition__N-200__fixed-K-20,fixed_k_transition,200,fixed,20.0,5.0,7.0,964,5.4896265560165975,1.3682572614107884,1.0,2.0
fixed_k_transition__N-200__fixed-K-20,fixed_k_transition,200,fixed,20.0,7.0,9.0,845,7.449704142011834,1.5846153846153845,2.0,3.0
fixed_k_transition__N-200__fixed-K-20,fixed_k_transition,200,fixed,20.0,9.0,12.0,831,9.824308062575211,1.8868832731648617,2.0,3.0
fixed_k_transition__N-200__fixed-K-20,fixed_k_transition,200,fixed,20.0,12.0,15.0,272,12.658088235294118,2.2683823529411766,2.0,4.0
fixed_k_transition__N-200__fixed-K-20,fixed_k_transition,200,fixed,20.0,15.0,20.0,41,15.853658536585366,3.2195121951219514,3.0,5.0
fixed_k_transition__N-200__fixed-K-22,fixed_k_transition,200,fixed,22.0,1.0,2.0,309,1.0,1.0,1.0,1.0
fixed_k_transition__N-200__fixed-K-22,fixed_k_transition,200,fixed,22.0,2.0,3.0,313,2.0,1.0447284345047922,1.0,1.0
fixed_k_transition__N-200__fixed-K-22,fixed_k_transition,200,fixed,22.0,3.0,4.0,297,3.0,1.1515151515151516,1.0,2.0
fixed_k_transition__N-200__fixed-K-22,fixed_k_transition,200,fixed,22.0,4.0,5.0,335,4.0,1.2388059701492538,1.0,2.0
fixed_k_transition__N-200__fixed-K-22,fixed_k_transition,200,fixed,22.0,5.0,7.0,749,5.518024032042724,1.3978638184245662,1.0,2.0
fixed_k_transition__N-200__fixed-K-22,fixed_k_transition,200,fixed,22.0,7.0,9.0,802,7.498753117206983,1.5536159600997506,1.0,3.0
fixed_k_transition__N-200__fixed-K-22,fixed_k_transition,200,fixed,22.0,9.0,13.0,1299,10.367975365665897,1.8722093918398768,2.0,3.0
fixed_k_transition__N-200__fixed-K-22,fixed_k_transition,200,fixed,22.0,13.0,17.0,454,13.980176211453745,2.2775330396475773,2.0,4.0
fixed_k_transition__N-200__fixed-K-22,fixed_k_transition,200,fixed,22.0,17.0,22.0,42,17.904761904761905,2.7142857142857144,3.0,4.0
fixed_k_transition__N-200__fixed-K-24,fixed_k_transition,200,fixed,24.0,1.0,2.0,246,1.0,1.0,1.0,1.0
fixed_k_transition__N-200__fixed-K-24,fixed_k_transition,200,fixed,24.0,2.0,3.0,252,2.0,1.0595238095238095,1.0,2.0
fixed_k_transition__N-200__fixed-K-24,fixed_k_transition,200,fixed,24.0,3.0,4.0,250,3.0,1.14,1.0,2.0
fixed_k_transition__N-200__fixed-K-24,fixed_k_transition,200,fixed,24.0,4.0,6.0,524,4.490458015267175,1.3358778625954197,1.0,2.0
fixed_k_transition__N-200__fixed-K-24,fixed_k_transition,200,fixed,24.0,6.0,8.0,611,6.51063829787234,1.4713584288052373,1.0,3.0
fixed_k_transition__N-200__fixed-K-24,fixed_k_transition,200,fixed,24.0,8.0,10.0,714,8.505602240896359,1.6470588235294117,2.0,3.0
fixed_k_transition__N-200__fixed-K-24,fixed_k_transition,200,fixed,24.0,10.0,14.0,1327,11.379804069329314,1.9427279577995478,2.0,3.0
fixed_k_transition__N-200__fixed-K-24,fixed_k_transition,200,fixed,24.0,14.0,19.0,653,15.264931087289433,2.2970903522205206,2.0,4.0
fixed_k_transition__N-200__fixed-K-24,fixed_k_transition,200,fixed,24.0,19.0,25.0,44,19.931818181818183,3.022727272727273,3.0,4.0
fixed_k_transition__N-200__fixed-K-26,fixed_k_transition,200,fixed,26.0,1.0,2.0,176,1.0,1.0,1.0,1.0
fixed_k_transition__N-200__fixed-K-26,fixed_k_transition,200,fixed,26.0,2.0,3.0,195,2.0,1.0564102564102564,1.0,2.0
fixed_k_transition__N-200__fixed-K-26,fixed_k_transition,200,fixed,26.0,3.0,4.0,216,3.0,1.1342592592592593,1.0,2.0
fixed_k_transition__N-200__fixed-K-26,fixed_k_transition,200,fixed,26.0,4.0,6.0,475,4.511578947368421,1.2589473684210526,1.0,2.0
fixed_k_transition__N-200__fixed-K-26,fixed_k_transition,200,fixed,26.0,6.0,8.0,526,6.538022813688213,1.461977186311787,1.0,2.0
fixed_k_transition__N-200__fixed-K-26,fixed_k_transition,200,fixed,26.0,8.0,11.0,842,9.005938242280285,1.675771971496437,2.0,3.0
fixed_k_transition__N-200__fixed-K-26,fixed_k_transition,200,fixed,26.0,11.0,14.0,929,12.004305705059203,1.9580193756727664,2.0,3.0
fixed_k_transition__N-200__fixed-K-26,fixed_k_transition,200,fixed,26.0,14.0,19.0,1070,15.658878504672897,2.276635514018692,2.0,3.0
fixed_k_transition__N-200__fixed-K-26,fixed_k_transition,200,fixed,26.0,19.0,26.0,252,20.202380952380953,2.8134920634920637,3.0,5.0
fixed_k_transition__N-200__fixed-K-28,fixed_k_transition,200,fixed,28.0,1.0,2.0,145,1.0,1.0,1.0,1.0
fixed_k_transition__N-200__fixed-K-28,fixed_k_transition,200,fixed,28.0,2.0,3.0,171,2.0,1.0584795321637428,1.0,2.0
fixed_k_transition__N-200__fixed-K-28,fixed_k_transition,200,fixed,28.0,3.0,4.0,197,3.0,1.1928934010152283,1.0,2.0
fixed_k_transition__N-200__fixed-K-28,fixed_k_transition,200,fixed,28.0,4.0,5.0,173,4.0,1.1965317919075145,1.0,2.0
fixed_k_transition__N-200__fixed-K-28,fixed_k_transition,200,fixed,28.0,5.0,7.0,405,5.481481481481482,1.3308641975308642,1.0,2.0
fixed_k_transition__N-200__fixed-K-28,fixed_k_transition,200,fixed,28.0,7.0,9.0,439,7.466970387243736,1.5444191343963554,1.0,2.0
fixed_k_transition__N-200__fixed-K-28,fixed_k_transition,200,fixed,28.0,9.0,12.0,791,10.037926675094816,1.7737041719342603,2.0,3.0
fixed_k_transition__N-200__fixed-K-28,fixed_k_transition,200,fixed,28.0,12.0,17.0,1389,13.93304535637149,2.0770338372930164,2.0,3.0
fixed_k_transition__N-200__fixed-K-28,fixed_k_transition,200,fixed,28.0,17.0,23.0,890,18.88314606741573,2.512359550561798,2.0,4.0
fixed_k_transition__N-200__fixed-K-28,fixed_k_transition,200,fixed,28.0,23.0,32.0,83,24.433734939759034,3.5060240963855422,3.0,5.0
income_c_transition__N-200__income-c-0.14,income_c_transition,200,income,0.14,1.0,2.0,463,1.0,1.0,1.0,1.0
income_c_transition__N-200__income-c-0.14,income_c_transition,200,income,0.14,2.0,3.0,565,2.0,1.0548672566371682,1.0,2.0
income_c_transition__N-200__income-c-0.14,income_c_transition,200,income,0.14,3.0,4.0,618,3.0,1.1440129449838188,1.0,2.0
income_c_transition__N-200__income-c-0.14,income_c_transition,200,income,0.14,4.0,5.0,648,4.0,1.248456790123457,1.0,2.0
income_c_transition__N-200__income-c-0.14,income_c_transition,200,income,0.14,5.0,7.0,1053,5.50332383665717,1.4396961063627731,1.0,2.3999999999999773
income_c_transition__N-200__income-c-0.14,income_c_transition,200,income,0.14,7.0,9.0,741,7.426450742240216,1.6666666666666667,2.0,3.0
income_c_transition__N-200__income-c-0.14,income_c_transition,200,income,0.14,9.0,12.0,411,9.630170316301703,2.1143552311435525,2.0,4.0
income_c_transition__N-200__income-c-0.14,income_c_transition,200,income,0.14,12.0,15.0,67,12.432835820895523,2.4477611940298507,2.0,4.0
income_c_transition__N-200__income-c-0.14,income_c_transition,200,income,0.14,15.0,20.0,7,16.285714285714285,3.4285714285714284,3.0,4.699999999999999
income_c_transition__N-200__income-c-0.16,income_c_transition,200,income,0.16,1.0,2.0,272,1.0,1.0,1.0,1.0
income_c_transition__N-200__income-c-0.16,income_c_transition,200,income,0.16,2.0,3.0,413,2.0,1.0532687651331718,1.0,2.0
income_c_transition__N-200__income-c-0.16,income_c_transition,200,income,0.16,3.0,4.0,455,3.0,1.1472527472527472,1.0,2.0
income_c_transition__N-200__income-c-0.16,income_c_transition,200,income,0.16,4.0,6.0,966,4.491718426501035,1.303312629399586,1.0,2.0
income_c_transition__N-200__income-c-0.16,income_c_transition,200,income,0.16,6.0,7.0,492,6.0,1.4329268292682926,1.0,2.0
income_c_transition__N-200__income-c-0.16,income_c_transition,200,income,0.16,7.0,10.0,1214,7.956342668863262,1.672158154859967,2.0,3.0
income_c_transition__N-200__income-c-0.16,income_c_transition,200,income,0.16,10.0,13.0,646,10.778637770897832,2.0108359133126936,2.0,3.0
income_c_transition__N-200__income-c-0.16,income_c_transition,200,income,0.16,13.0,17.0,195,13.733333333333333,2.4974358974358974,2.0,4.0
income_c_transition__N-200__income-c-0.16,income_c_transition,200,income,0.16,17.0,23.0,15,18.2,3.3333333333333335,3.0,5.0
income_c_transition__N-200__income-c-0.18,income_c_transition,200,income,0.18,1.0,2.0,182,1.0,1.0,1.0,1.0
income_c_transition__N-200__income-c-0.18,income_c_transition,200,income,0.18,2.0,3.0,205,2.0,1.048780487804878,1.0,1.0
income_c_transition__N-200__income-c-0.18,income_c_transition,200,income,0.18,3.0,5.0,585,3.499145299145299,1.2085470085470085,1.0,2.0
income_c_transition__N-200__income-c-0.18,income_c_transition,200,income,0.18,5.0,6.0,341,5.0,1.3372434017595307,1.0,2.0
income_c_transition__N-200__income-c-0.18,income_c_transition,200,income,0.18,6.0,9.0,1068,7.02808988764045,1.550561797752809,1.0,3.0
income_c_transition__N-200__income-c-0.18,income_c_transition,200,income,0.18,9.0,12.0,1082,9.94362292051756,1.8216266173752311,2.0,3.0
income_c_transition__N-200__income-c-0.18,income_c_transition,200,income,0.18,12.0,16.0,916,13.256550218340612,2.158296943231441,2.0,3.0
income_c_transition__N-200__income-c-0.18,income_c_transition,200,income,0.18,16.0,21.0,328,17.329268292682926,2.4786585365853657,2.0,4.0
income_c_transition__N-200__income-c-0.18,income_c_transition,200,income,0.18,21.0,29.0,31,22.29032258064516,2.903225806451613,3.0,4.5
income_c_transition__N-200__income-c-0.20,income_c_transition,200,income,0.2,1.0,2.0,127,1.0,1.0,1.0,1.0
income_c_transition__N-200__income-c-0.20,income_c_transition,200,income,0.2,2.0,3.0,184,2.0,1.0543478260869565,1.0,1.8499999999999943
income_c_transition__N-200__income-c-0.20,income_c_transition,200,income,0.2,3.0,5.0,462,3.5432900432900434,1.1861471861471862,1.0,2.0
income_c_transition__N-200__income-c-0.20,income_c_transition,200,income,0.2,5.0,6.0,272,5.0,1.349264705882353,1.0,2.0
income_c_transition__N-200__income-c-0.20,income_c_transition,200,income,0.2,6.0,8.0,522,6.490421455938697,1.475095785440613,1.0,3.0
income_c_transition__N-200__income-c-0.20,income_c_transition,200,income,0.2,8.0,11.0,949,9.002107481559536,1.7060063224446786,2.0,3.0
income_c_transition__N-200__income-c-0.20,income_c_transition,200,income,0.2,11.0,15.0,1202,12.436772046589018,1.9991680532445923,2.0,3.0
income_c_transition__N-200__income-c-0.20,income_c_transition,200,income,0.2,15.0,21.0,942,16.8067940552017,2.367303609341826,2.0,4.0
income_c_transition__N-200__income-c-0.20,income_c_transition,200,income,0.2,21.0,28.0,99,22.262626262626263,3.01010101010101,3.0,5.0
size_scaling_income_c018__N-100__income-c-0.18,size_scaling_income_c018,100,income,0.18,1.0,2.0,419,1.0,1.0,1.0,1.0
size_scaling_income_c018__N-100__income-c-0.18,size_scaling_income_c018,100,income,0.18,2.0,3.0,530,2.0,1.0716981132075472,1.0,2.0
size_scaling_income_c018__N-100__income-c-0.18,size_scaling_income_c018,100,income,0.18,3.0,4.0,620,3.0,1.179032258064516,1.0,2.0
size_scaling_income_c018__N-100__income-c-0.18,size_scaling_income_c018,100,income,0.18,4.0,5.0,635,4.0,1.3039370078740158,1.0,2.0
size_scaling_income_c018__N-100__income-c-0.18,size_scaling_income_c018,100,income,0.18,5.0,6.0,617,5.0,1.4700162074554295,1.0,2.0
size_scaling_income_c018__N-100__income-c-0.18,size_scaling_income_c018,100,income,0.18,6.0,8.0,954,6.437106918238993,1.6907756813417192,2.0,3.0
size_scaling_income_c018__N-100__income-c-0.18,size_scaling_income_c018,100,income,0.18,8.0,10.0,521,8.414587332053744,1.9942418426103647,2.0,3.0
size_scaling_income_c018__N-100__income-c-0.18,size_scaling_income_c018,100,income,0.18,10.0,13.0,220,10.65,2.4545454545454546,2.0,4.0
size_scaling_income_c018__N-100__income-c-0.18,size_scaling_income_c018,100,income,0.18,13.0,17.0,46,13.869565217391305,2.9347826086956523,3.0,5.0
size_scaling_income_c018__N-200__income-c-0.18,size_scaling_income_c018,200,income,0.18,1.0,2.0,191,1.0,1.0,1.0,1.0
size_scaling_income_c018__N-200__income-c-0.18,size_scaling_income_c018,200,income,0.18,2.0,3.0,267,2.0,1.0599250936329587,1.0,2.0
size_scaling_income_c018__N-200__income-c-0.18,size_scaling_income_c018,200,income,0.18,3.0,5.0,649,3.5130970724191064,1.1694915254237288,1.0,2.0
size_scaling_income_c018__N-200__income-c-0.18,size_scaling_income_c018,200,income,0.18,5.0,6.0,340,5.0,1.3352941176470587,1.0,2.0
size_scaling_income_c018__N-200__income-c-0.18,size_scaling_income_c018,200,income,0.18,6.0,8.0,713,6.5231416549789625,1.5049088359046283,1.0,2.3999999999999773
size_scaling_income_c018__N-200__income-c-0.18,size_scaling_income_c018,200,income,0.18,8.0,11.0,1143,8.989501312335959,1.73753280839895,2.0,3.0
size_scaling_income_c018__N-200__income-c-0.18,size_scaling_income_c018,200,income,0.18,11.0,15.0,1074,12.248603351955307,2.0186219739292364,2.0,3.0
size_scaling_income_c018__N-200__income-c-0.18,size_scaling_income_c018,200,income,0.18,15.0,21.0,346,16.153179190751445,2.459537572254335,2.0,4.0
size_scaling_income_c018__N-200__income-c-0.18,size_scaling_income_c018,200,income,0.18,21.0,28.0,6,22.333333333333332,3.5,3.5,4.75
size_scaling_income_c018__N-500__income-c-0.18,size_scaling_income_c018,500,income,0.18,1.0,2.0,12,1.0,1.0,1.0,1.0
size_scaling_income_c018__N-500__income-c-0.18,size_scaling_income_c018,500,income,0.18,2.0,3.0,24,2.0,1.0833333333333333,1.0,1.8499999999999979
size_scaling_income_c018__N-500__income-c-0.18,size_scaling_income_c018,500,income,0.18,3.0,4.0,56,3.0,1.1607142857142858,1.0,2.0
size_scaling_income_c018__N-500__income-c-0.18,size_scaling_income_c018,500,income,0.18,4.0,6.0,186,4.483870967741935,1.1989247311827957,1.0,2.0
size_scaling_income_c018__N-500__income-c-0.18,size_scaling_income_c018,500,income,0.18,6.0,9.0,364,7.032967032967033,1.445054945054945,1.0,2.0
size_scaling_income_c018__N-500__income-c-0.18,size_scaling_income_c018,500,income,0.18,9.0,13.0,502,10.47808764940239,1.649402390438247,2.0,3.0
size_scaling_income_c018__N-500__income-c-0.18,size_scaling_income_c018,500,income,0.18,13.0,19.0,777,15.513513513513514,1.945945945945946,2.0,3.0
size_scaling_income_c018__N-500__income-c-0.18,size_scaling_income_c018,500,income,0.18,19.0,27.0,1323,22.442932728647015,2.248677248677249,2.0,3.0
size_scaling_income_c018__N-500__income-c-0.18,size_scaling_income_c018,500,income,0.18,27.0,39.0,1424,31.34129213483146,2.547752808988764,2.0,4.0
size_scaling_income_c018__N-500__income-c-0.18,size_scaling_income_c018,500,income,0.18,39.0,56.0,130,41.45384615384615,3.076923076923077,3.0,5.0
long_run_attractor__N-200__fixed-K-20,long_run_attractor,200,fixed,20.0,1.0,2.0,70,1.0,1.0,1.0,1.0
long_run_attractor__N-200__fixed-K-20,long_run_attractor,200,fixed,20.0,2.0,3.0,100,2.0,1.07,1.0,2.0
long_run_attractor__N-200__fixed-K-20,long_run_attractor,200,fixed,20.0,3.0,5.0,180,3.5833333333333335,1.2222222222222223,1.0,2.0
long_run_attractor__N-200__fixed-K-20,long_run_attractor,200,fixed,20.0,5.0,6.0,114,5.0,1.3157894736842106,1.0,2.0
long_run_attractor__N-200__fixed-K-20,long_run_attractor,200,fixed,20.0,6.0,8.0,248,6.528225806451613,1.5806451612903225,2.0,3.0
long_run_attractor__N-200__fixed-K-20,long_run_attractor,200,fixed,20.0,8.0,11.0,482,9.143153526970954,1.7697095435684647,2.0,3.0
long_run_attractor__N-200__fixed-K-20,long_run_attractor,200,fixed,20.0,11.0,15.0,1184,12.774493243243244,2.2863175675675675,2.0,4.0
long_run_attractor__N-200__fixed-K-20,long_run_attractor,200,fixed,20.0,15.0,21.0,2356,17.187181663837013,3.0539049235993208,3.0,5.0
long_run_attractor__N-200__fixed-K-20,long_run_attractor,200,fixed,20.0,21.0,28.0,218,21.76605504587156,4.256880733944954,4.0,7.0
long_run_attractor__N-200__fixed-K-30,long_run_attractor,200,fixed,30.0,1.0,2.0,38,1.0,1.0,1.0,1.0
long_run_attractor__N-200__fixed-K-30,long_run_attractor,200,fixed,30.0,2.0,3.0,39,2.0,1.0256410256410255,1.0,1.0
long_run_attractor__N-200__fixed-K-30,long_run_attractor,200,fixed,30.0,3.0,4.0,49,3.0,1.1020408163265305,1.0,2.0
long_run_attractor__N-200__fixed-K-30,long_run_attractor,200,fixed,30.0,4.0,5.0,38,4.0,1.3157894736842106,1.0,2.0
long_run_attractor__N-200__fixed-K-30,long_run_attractor,200,fixed,30.0,5.0,8.0,136,5.889705882352941,1.411764705882353,1.0,2.0
long_run_attractor__N-200__fixed-K-30,long_run_attractor,200,fixed,30.0,8.0,11.0,151,8.986754966887418,1.6754966887417218,2.0,3.0
long_run_attractor__N-200__fixed-K-30,long_run_attractor,200,fixed,30.0,11.0,15.0,233,12.71244635193133,2.0128755364806867,2.0,3.0
long_run_attractor__N-200__fixed-K-30,long_run_attractor,200,fixed,30.0,15.0,21.0,798,18.021303258145362,2.6779448621553885,2.0,4.0
long_run_attractor__N-200__fixed-K-30,long_run_attractor,200,fixed,30.0,21.0,29.0,2955,24.6917089678511,4.001015228426396,4.0,6.0
long_run_attractor__N-200__fixed-K-30,long_run_attractor,200,fixed,30.0,29.0,41.0,543,30.233885819521177,5.208103130755064,5.0,8.0
long_run_attractor__N-200__income-c-0.18,long_run_attractor,200,income,0.18,1.0,2.0,64,1.0,1.0,1.0,1.0
long_run_attractor__N-200__income-c-0.18,long_run_attractor,200,income,0.18,2.0,3.0,59,2.0,1.0508474576271187,1.0,1.0999999999999943
long_run_attractor__N-200__income-c-0.18,long_run_attractor,200,income,0.18,3.0,5.0,151,3.5099337748344372,1.185430463576159,1.0,2.0
long_run_attractor__N-200__income-c-0.18,long_run_attractor,200,income,0.18,5.0,6.0,77,5.0,1.2987012987012987,1.0,2.0
long_run_attractor__N-200__income-c-0.18,long_run_attractor,200,income,0.18,6.0,9.0,322,7.074534161490683,1.5217391304347827,1.0,3.0
long_run_attractor__N-200__income-c-0.18,long_run_attractor,200,income,0.18,9.0,12.0,495,10.143434343434343,1.905050505050505,2.0,3.0
long_run_attractor__N-200__income-c-0.18,long_run_attractor,200,income,0.18,12.0,16.0,1218,13.686371100164203,2.4482758620689653,2.0,4.0
long_run_attractor__N-200__income-c-0.18,long_run_attractor,200,income,0.18,16.0,22.0,2292,18.229057591623036,3.1265270506108203,3.0,5.0
long_run_attractor__N-200__income-c-0.18,long_run_attractor,200,income,0.18,22.0,30.0,301,22.976744186046513,4.01328903654485,4.0,6.0
long_run_attractor__N-200__income-c-0.20,long_run_attractor,200,income,0.2,1.0,2.0,22,1.0,1.0,1.0,1.0
long_run_attractor__N-200__income-c-0.20,long_run_attractor,200,income,0.2,2.0,3.0,33,2.0,1.0303030303030303,1.0,1.0
long_run_attractor__N-200__income-c-0.20,long_run_attractor,200,income,0.2,3.0,4.0,46,3.0,1.1521739130434783,1.0,2.0
long_run_attractor__N-200__income-c-0.20,long_run_attractor,200,income,0.2,4.0,5.0,64,4.0,1.21875,1.0,2.0
long_run_attractor__N-200__income-c-0.20,long_run_attractor,200,income,0.2,5.0,7.0,129,5.503875968992248,1.372093023255814,1.0,2.0
long_run_attractor__N-200__income-c-0.20,long_run_attractor,200,income,0.2,7.0,9.0,135,7.496296296296296,1.6888888888888889,2.0,3.0
long_run_attractor__N-200__income-c-0.20,long_run_attractor,200,income,0.2,9.0,13.0,381,10.645669291338583,1.8976377952755905,2.0,3.0
long_run_attractor__N-200__income-c-0.20,long_run_attractor,200,income,0.2,13.0,17.0,922,14.795010845986985,2.5390455531453364,2.0,4.0
long_run_attractor__N-200__income-c-0.20,long_run_attractor,200,income,0.2,17.0,24.0,2957,19.860331416976667,3.3598241460940144,3.0,5.0
long_run_attractor__N-200__income-c-0.20,long_run_attractor,200,income,0.2,24.0,33.0,306,24.937908496732025,4.088235294117647,4.0,7.0
