scenario_id,family,n_nodes,period_length_rule,drive_value,period_waiting_time,count,probability,ccdf
fixed_k_transition__N-200__fixed-K-18,fixed_k_transition,200,fixed,18.0,1,4241,0.9534622302158273,1.0
fixed_k_transition__N-200__fixed-K-18,fixed_k_transition,200,fixed,18.0,2,161,0.03619604316546762,0.046537769784172664
fixed_k_transition__N-200__fixed-K-18,fixed_k_transition,200,fixed,18.0,3,27,0.006070143884892087,0.010341726618705036
fixed_k_transition__N-200__fixed-K-18,fixed_k_transition,200,fixed,18.0,4,11,0.0024730215827338128,0.00427158273381295
fixed_k_transition__N-200__fixed-K-18,fixed_k_transition,200,fixed,18.0,5,3,0.0006744604316546763,0.0017985611510791368
fixed_k_transition__N-200__fixed-K-18,fixed_k_transition,200,fixed,18.0,7,4,0.0008992805755395684,0.0011241007194244604
fixed_k_transition__N-200__fixed-K-18,fixed_k_transition,200,fixed,18.0,8,1,0.0002248201438848921,0.0002248201438848921
fixed_k_transition__N-200__fixed-K-20,fixed_k_transition,200,fixed,20.0,1,4391,0.9656916648339564,1.0
fixed_k_transition__N-200__fixed-K-20,fixed_k_transition,200,fixed,20.0,2,120,0.026391027050802728,0.03430833516604354
fixed_k_transition__N-200__fixed-K-20,fixed_k_transition,200,fixed,20.0,3,28,0.00615790631185397,0.007917308115240818
fixed_k_transition__N-200__fixed-K-20,fixed_k_transition,200,fixed,20.0,4,4,0.0008797009016934242,0.0017594018033868484
fixed_k_transition__N-200__fixed-K-20,fixed_k_transition,200,fixed,20.0,5,1,0.00021992522542335605,0.0008797009016934242
fixed_k_transition__N-200__fixed-K-20,fixed_k_transition,200,fixed,20.0,6,2,0.0004398504508467121,0.0006597756762700682
fixed_k_transition__N-200__fixed-K-20,fixed_k_transition,200,fixed,20.0,7,1,0.00021992522542335605,0.00021992522542335605
fixed_k_transition__N-200__fixed-K-22,fixed_k_transition,200,fixed,22.0,1,4454,0.9724890829694323,1.0
fixed_k_transition__N-200__fixed-K-22,fixed_k_transition,200,fixed,22.0,2,96,0.02096069868995633,0.027510917030567687
fixed_k_transition__N-200__fixed-K-22,fixed_k_transition,200,fixed,22.0,3,21,0.004585152838427947,0.006550218340611353
fixed_k_transition__N-200__fixed-K-22,fixed_k_transition,200,fixed,22.0,4,7,0.0015283842794759825,0.001965065502183406
fixed_k_transition__N-200__fixed-K-22,fixed_k_transition,200,fixed,22.0,5,1,0.0002183406113537118,0.0004366812227074236
fixed_k_transition__N-200__fixed-K-22,fixed_k_transition,200,fixed,22.0,6,1,0.0002183406113537118,0.0002183406113537118
fixed_k_transition__N-200__fixed-K-24,fixed_k_transition,200,fixed,24.0,1,4502,0.9784829384916323,1.0
fixed_k_transition__N-200__fixed-K-24,fixed_k_transition,200,fixed,24.0,2,71,0.015431427950445555,0.021517061508367748
fixed_k_transition__N-200__fixed-K-24,fixed_k_transition,200,fixed,24.0,3,17,0.00369484894588133,0.006085633557922191
fixed_k_transition__N-200__fixed-K-24,fixed_k_transition,200,fixed,24.0,4,5,0.0010867202782003911,0.0023907846120408607
fixed_k_transition__N-200__fixed-K-24,fixed_k_transition,200,fixed,24.0,5,1,0.00021734405564007825,0.0013040643338404696
fixed_k_transition__N-200__fixed-K-24,fixed_k_transition,200,fixed,24.0,6,3,0.0006520321669202348,0.0010867202782003911
fixed_k_transition__N-200__fixed-K-24,fixed_k_transition,200,fixed,24.0,7,1,0.00021734405564007825,0.0004346881112801565
fixed_k_transition__N-200__fixed-K-24,fixed_k_transition,200,fixed,24.0,8,1,0.00021734405564007825,0.00021734405564007825
fixed_k_transition__N-200__fixed-K-26,fixed_k_transition,200,fixed,26.0,1,4588,0.9843381248659085,1.0
fixed_k_transition__N-200__fixed-K-26,fixed_k_transition,200,fixed,26.0,2,61,0.013087320317528427,0.015661875134091396
fixed_k_transition__N-200__fixed-K-26,fixed_k_transition,200,fixed,26.0,3,8,0.0017163698777086461,0.0025745548165629693
fixed_k_transition__N-200__fixed-K-26,fixed_k_transition,200,fixed,26.0,4,2,0.00042909246942716153,0.0008581849388543231
fixed_k_transition__N-200__fixed-K-26,fixed_k_transition,200,fixed,26.0,5,1,0.00021454623471358077,0.00042909246942716153
fixed_k_transition__N-200__fixed-K-26,fixed_k_transition,200,fixed,26.0,7,1,0.00021454623471358077,0.00021454623471358077
fixed_k_transition__N-200__fixed-K-28,fixed_k_transition,200,fixed,28.0,1,4600,0.9864893845164058,1.0
fixed_k_transition__N-200__fixed-K-28,fixed_k_transition,200,fixed,28.0,2,44,0.009435985417113447,0.013510615483594253
fixed_k_transition__N-200__fixed-K-28,fixed_k_transition,200,fixed,28.0,3,13,0.0027879047823289728,0.004074630066480806
fixed_k_transition__N-200__fixed-K-28,fixed_k_transition,200,fixed,28.0,4,5,0.001072271070126528,0.0012867252841518336
fixed_k_transition__N-200__fixed-K-28,fixed_k_transition,200,fixed,28.0,7,1,0.0002144542140253056,0.0002144542140253056
income_c_transition__N-200__income-c-0.14,income_c_transition,200,income,0.14,1,4374,0.9606852624643093,1.0
income_c_transition__N-200__income-c-0.14,income_c_transition,200,income,0.14,2,148,0.03250603997364375,0.03931473753569075
income_c_transition__N-200__income-c-0.14,income_c_transition,200,income,0.14,3,20,0.004392708104546453,0.006808697562047002
income_c_transition__N-200__income-c-0.14,income_c_transition,200,income,0.14,4,8,0.0017570832418185812,0.002415989457500549
income_c_transition__N-200__income-c-0.14,income_c_transition,200,income,0.14,5,2,0.0004392708104546453,0.000658906215681968
income_c_transition__N-200__income-c-0.14,income_c_transition,200,income,0.14,6,1,0.00021963540522732265,0.00021963540522732265
income_c_transition__N-200__income-c-0.16,income_c_transition,200,income,0.16,1,4538,0.9763339070567987,1.0
income_c_transition__N-200__income-c-0.16,income_c_transition,200,income,0.16,2,96,0.020654044750430294,0.023666092943201378
income_c_transition__N-200__income-c-0.16,income_c_transition,200,income,0.16,3,9,0.00193631669535284,0.0030120481927710845
income_c_transition__N-200__income-c-0.16,income_c_transition,200,income,0.16,4,3,0.0006454388984509467,0.0010757314974182443
income_c_transition__N-200__income-c-0.16,income_c_transition,200,income,0.16,5,1,0.0002151462994836489,0.0004302925989672978
income_c_transition__N-200__income-c-0.16,income_c_transition,200,income,0.16,6,1,0.0002151462994836489,0.0002151462994836489
income_c_transition__N-200__income-c-0.18,income_c_transition,200,income,0.18,1,4662,0.9881305637982196,1.0
income_c_transition__N-200__income-c-0.18,income_c_transition,200,income,0.18,2,51,0.010809665112335736,0.011869436201780416
income_c_transition__N-200__income-c-0.18,income_c_transition,200,income,0.18,3,5,0.00105977108944468,0.00105977108944468
income_c_transition__N-200__income-c-0.20,income_c_transition,200,income,0.2,1,4706,0.993036505591897,1.0
income_c_transition__N-200__income-c-0.20,income_c_transition,200,income,0.2,2,28,0.005908419497784343,0.006963494408102976
income_c_transition__N-200__income-c-0.20,income_c_transition,200,income,0.2,3,3,0.0006330449461911796,0.0010550749103186326
income_c_transition__N-200__income-c-0.20,income_c_transition,200,income,0.2,4,1,0.00021101498206372652,0.00042202996412745304
income_c_transition__N-200__income-c-0.20,income_c_transition,200,income,0.2,5,1,0.00021101498206372652,0.00021101498206372652
size_scaling_income_c018__N-100__income-c-0.18,size_scaling_income_c018,100,income,0.18,1,4353,0.9583883751651255,1.0
size_scaling_income_c018__N-100__income-c-0.18,size_scaling_income_c018,100,income,0.18,2,156,0.034346103038309116,0.0416116248348745
size_scaling_income_c018__N-100__income-c-0.18,size_scaling_income_c018,100,income,0.18,3,26,0.005724350506384853,0.00726552179656539
size_scaling_income_c018__N-100__income-c-0.18,size_scaling_income_c018,100,income,0.18,4,4,0.0008806693086745927,0.0015411712901805372
size_scaling_income_c018__N-100__income-c-0.18,size_scaling_income_c018,100,income,0.18,5,1,0.00022016732716864817,0.0006605019815059445
size_scaling_income_c018__N-100__income-c-0.18,size_scaling_income_c018,100,income,0.18,6,1,0.00022016732716864817,0.00044033465433729633
size_scaling_income_c018__N-100__income-c-0.18,size_scaling_income_c018,100,income,0.18,7,1,0.00022016732716864817,0.00022016732716864817
size_scaling_income_c018__N-200__income-c-0.18,size_scaling_income_c018,200,income,0.18,1,4650,0.9874708005946061,1.0
size_scaling_income_c018__N-200__income-c-0.18,size_scaling_income_c018,200,income,0.18,2,51,0.010830324909747292,0.012529199405393926
size_scaling_income_c018__N-200__income-c-0.18,size_scaling_income_c018,200,income,0.18,3,6,0.0012741558717349756,0.0016988744956466342
size_scaling_income_c018__N-200__income-c-0.18,size_scaling_income_c018,200,income,0.18,4,1,0.00021235931195582927,0.00042471862391165854
size_scaling_income_c018__N-200__income-c-0.18,size_scaling_income_c018,200,income,0.18,5,1,0.00021235931195582927,0.00021235931195582927
size_scaling_income_c018__N-500__income-c-0.18,size_scaling_income_c018,500,income,0.18,1,4776,0.9995814148179154,1.0
size_scaling_income_c018__N-500__income-c-0.18,size_scaling_income_c018,500,income,0.18,2,2,0.0004185851820845542,0.0004185851820845542
long_run_attractor__N-200__fixed-K-20,long_run_attractor,200,fixed,20.0,1,4917,0.9939357186173439,1.0
long_run_attractor__N-200__fixed-K-20,long_run_attractor,200,fixed,20.0,2,26,0.005255710531635335,0.006064281382656155
long_run_attractor__N-200__fixed-K-20,long_run_attractor,200,fixed,20.0,3,2,0.0004042854255104103,0.0008085708510208206
long_run_attractor__N-200__fixed-K-20,long_run_attractor,200,fixed,20.0,4,2,0.0004042854255104103,0.0004042854255104103
long_run_attractor__N-200__fixed-K-30,long_run_attractor,200,fixed,30.0,1,4962,0.9973869346733668,1.0
long_run_attractor__N-200__fixed-K-30,long_run_attractor,200,fixed,30.0,2,10,0.0020100502512562816,0.0026130653266331657
long_run_attractor__N-200__fixed-K-30,long_run_attractor,200,fixed,30.0,3,2,0.0004020100502512563,0.0006030150753768845
long_run_attractor__N-200__fixed-K-30,long_run_attractor,200,fixed,30.0,4,1,0.00020100502512562814,0.00020100502512562814
long_run_attractor__N-200__income-c-0.18,long_run_attractor,200,income,0.18,1,4956,0.9963811821471653,1.0
long_run_attractor__N-200__income-c-0.18,long_run_attractor,200,income,0.18,2,16,0.003216726980297547,0.0036188178528347406
long_run_attractor__N-200__income-c-0.18,long_run_attractor,200,income,0.18,3,2,0.0004020908725371934,0.0004020908725371934
long_run_attractor__N-200__income-c-0.20,long_run_attractor,200,income,0.2,1,4985,0.998997995991984,1.0
long_run_attractor__N-200__income-c-0.20,long_run_attractor,200,income,0.2,2,5,0.001002004008016032,0.001002004008016032
