protocol_id,mechanism_id,scenario_id,threshold_fraction,threshold_nodes,runs,run_critical_rate,events,critical_events,event_critical_rate
high_risk_income_c020,reference_period_end,high_risk_income_c020__reference_period_end,0.05,10,12,1.0,11974,10662,0.890429263404042
high_risk_income_c020,reference_period_end,high_risk_income_c020__reference_period_end,0.1,20,12,1.0,11974,4057,0.3388174377818607
high_risk_income_c020,reference_period_end,high_risk_income_c020__reference_period_end,0.2,40,12,0.0,11974,0,0.0
high_risk_income_c020,check_only_b10,high_risk_income_c020__check_only_b10,0.05,10,12,1.0,11974,10662,0.890429263404042
high_risk_income_c020,check_only_b10,high_risk_income_c020__check_only_b10,0.1,20,12,1.0,11974,4057,0.3388174377818607
high_risk_income_c020,check_only_b10,high_risk_income_c020__check_only_b10,0.2,40,12,0.0,11974,0,0.0
high_risk_income_c020,flow_split_b10_check_q10,high_risk_income_c020__flow_split_b10_check_q10,0.05,10,12,1.0,11991,10859,0.90559586356434
high_risk_income_c020,flow_split_b10_check_q10,high_risk_income_c020__flow_split_b10_check_q10,0.1,20,12,1.0,11991,7701,0.6422316737553165
high_risk_income_c020,flow_split_b10_check_q10,high_risk_income_c020__flow_split_b10_check_q10,0.2,40,12,0.0,11991,0,0.0
high_risk_income_c020,flow_split_b10_check_q5,high_risk_income_c020__flow_split_b10_check_q5,0.05,10,12,1.0,23806,15203,0.6386205158363438
high_risk_income_c020,flow_split_b10_check_q5,high_risk_income_c020__flow_split_b10_check_q5,0.1,20,12,0.16666666666666666,23806,2,8.401243384020835e-05
high_risk_income_c020,flow_split_b10_check_q5,high_risk_income_c020__flow_split_b10_check_q5,0.2,40,12,0.0,23806,0,0.0
high_risk_income_c020,flow_split_b10_check_q2,high_risk_income_c020__flow_split_b10_check_q2,0.05,10,12,0.3333333333333333,58016,7,0.00012065637065637066
high_risk_income_c020,flow_split_b10_check_q2,high_risk_income_c020__flow_split_b10_check_q2,0.1,20,12,0.0,58016,0,0.0
high_risk_income_c020,flow_split_b10_check_q2,high_risk_income_c020__flow_split_b10_check_q2,0.2,40,12,0.0,58016,0,0.0
high_risk_income_c020,flow_split_b10_check_q1,high_risk_income_c020__flow_split_b10_check_q1,0.05,10,12,0.08333333333333333,110602,1,9.041427822281694e-06
high_risk_income_c020,flow_split_b10_check_q1,high_risk_income_c020__flow_split_b10_check_q1,0.1,20,12,0.0,110602,0,0.0
high_risk_income_c020,flow_split_b10_check_q1,high_risk_income_c020__flow_split_b10_check_q1,0.2,40,12,0.0,110602,0,0.0
high_risk_income_c020,recovery_50pct,high_risk_income_c020__recovery_50pct,0.05,10,12,1.0,11982,10840,0.9046903688866633
high_risk_income_c020,recovery_50pct,high_risk_income_c020__recovery_50pct,0.1,20,12,1.0,11982,4261,0.3556167584710399
high_risk_income_c020,recovery_50pct,high_risk_income_c020__recovery_50pct,0.2,40,12,0.0,11982,0,0.0
high_risk_income_c020,recovery_90pct,high_risk_income_c020__recovery_90pct,0.05,10,12,1.0,11983,10863,0.9065342568638906
high_risk_income_c020,recovery_90pct,high_risk_income_c020__recovery_90pct,0.1,20,12,1.0,11983,4063,0.3390636735375115
high_risk_income_c020,recovery_90pct,high_risk_income_c020__recovery_90pct,0.2,40,12,0.0,11983,0,0.0
high_risk_income_c020,keep_defaulted_assets,high_risk_income_c020__keep_defaulted_assets,0.05,10,12,1.0,10954,598,0.05459192988862516
high_risk_income_c020,keep_defaulted_assets,high_risk_income_c020__keep_defaulted_assets,0.1,20,12,0.9166666666666666,10954,59,0.005386160306737265
high_risk_income_c020,keep_defaulted_assets,high_risk_income_c020__keep_defaulted_assets,0.2,40,12,0.08333333333333333,10954,2,0.00018258170531312764
high_risk_income_c020,permanent_exit,high_risk_income_c020__permanent_exit,0.05,10,12,0.0,1415,0,0.0
high_risk_income_c020,permanent_exit,high_risk_income_c020__permanent_exit,0.1,20,12,0.0,1415,0,0.0
high_risk_income_c020,permanent_exit,high_risk_income_c020__permanent_exit,0.2,40,12,0.0,1415,0,0.0
high_risk_income_c020,reset_to_initial_cash,high_risk_income_c020__reset_to_initial_cash,0.05,10,12,1.0,11574,6565,0.5672196302056333
high_risk_income_c020,reset_to_initial_cash,high_risk_income_c020__reset_to_initial_cash,0.1,20,12,1.0,11574,4530,0.3913945049248315
high_risk_income_c020,reset_to_initial_cash,high_risk_income_c020__reset_to_initial_cash,0.2,40,12,1.0,11574,1904,0.1645066528425782
boundary_fixed_k20,reference_period_end,boundary_fixed_k20__reference_period_end,0.05,10,12,1.0,11842,9324,0.7873669988177673
boundary_fixed_k20,reference_period_end,boundary_fixed_k20__reference_period_end,0.1,20,12,1.0,11842,1089,0.09196081742948826
boundary_fixed_k20,reference_period_end,boundary_fixed_k20__reference_period_end,0.2,40,12,0.0,11842,0,0.0
boundary_fixed_k20,check_only_b10,boundary_fixed_k20__check_only_b10,0.05,10,12,1.0,11842,9324,0.7873669988177673
boundary_fixed_k20,check_only_b10,boundary_fixed_k20__check_only_b10,0.1,20,12,1.0,11842,1089,0.09196081742948826
boundary_fixed_k20,check_only_b10,boundary_fixed_k20__check_only_b10,0.2,40,12,0.0,11842,0,0.0
boundary_fixed_k20,flow_split_b10_check_q10,boundary_fixed_k20__flow_split_b10_check_q10,0.05,10,12,1.0,11859,9751,0.8222447086600894
boundary_fixed_k20,flow_split_b10_check_q10,boundary_fixed_k20__flow_split_b10_check_q10,0.1,20,12,1.0,11859,1337,0.11274137785648031
boundary_fixed_k20,flow_split_b10_check_q10,boundary_fixed_k20__flow_split_b10_check_q10,0.2,40,12,0.0,11859,0,0.0
boundary_fixed_k20,flow_split_b10_check_q5,boundary_fixed_k20__flow_split_b10_check_q5,0.05,10,12,1.0,23344,6710,0.28744002741603836
boundary_fixed_k20,flow_split_b10_check_q5,boundary_fixed_k20__flow_split_b10_check_q5,0.1,20,12,0.0,23344,0,0.0
boundary_fixed_k20,flow_split_b10_check_q5,boundary_fixed_k20__flow_split_b10_check_q5,0.2,40,12,0.0,23344,0,0.0
boundary_fixed_k20,flow_split_b10_check_q2,boundary_fixed_k20__flow_split_b10_check_q2,0.05,10,12,0.16666666666666666,55627,2,3.5953763460190195e-05
boundary_fixed_k20,flow_split_b10_check_q2,boundary_fixed_k20__flow_split_b10_check_q2,0.1,20,12,0.0,55627,0,0.0
boundary_fixed_k20,flow_split_b10_check_q2,boundary_fixed_k20__flow_split_b10_check_q2,0.2,40,12,0.0,55627,0,0.0
boundary_fixed_k20,flow_split_b10_check_q1,boundary_fixed_k20__flow_split_b10_check_q1,0.05,10,12,0.08333333333333333,102718,1,9.735392044237622e-06
boundary_fixed_k20,flow_split_b10_check_q1,boundary_fixed_k20__flow_split_b10_check_q1,0.1,20,12,0.0,102718,0,0.0
boundary_fixed_k20,flow_split_b10_check_q1,boundary_fixed_k20__flow_split_b10_check_q1,0.2,40,12,0.0,102718,0,0.0
boundary_fixed_k20,recovery_50pct,boundary_fixed_k20__recovery_50pct,0.05,10,12,1.0,11878,9527,0.8020710557332884
boundary_fixed_k20,recovery_50pct,boundary_fixed_k20__recovery_50pct,0.1,20,12,1.0,11878,1083,0.09117696581916147
boundary_fixed_k20,recovery_50pct,boundary_fixed_k20__recovery_50pct,0.2,40,12,0.0,11878,0,0.0
boundary_fixed_k20,recovery_90pct,boundary_fixed_k20__recovery_90pct,0.05,10,12,1.0,11879,9565,0.8052024581193703
boundary_fixed_k20,recovery_90pct,boundary_fixed_k20__recovery_90pct,0.1,20,12,1.0,11879,1060,0.08923310042932907
boundary_fixed_k20,recovery_90pct,boundary_fixed_k20__recovery_90pct,0.2,40,12,0.0,11879,0,0.0
boundary_fixed_k20,keep_defaulted_assets,boundary_fixed_k20__keep_defaulted_assets,0.05,10,12,1.0,10368,483,0.04658564814814815
boundary_fixed_k20,keep_defaulted_assets,boundary_fixed_k20__keep_defaulted_assets,0.1,20,12,1.0,10368,49,0.00472608024691358
boundary_fixed_k20,keep_defaulted_assets,boundary_fixed_k20__keep_defaulted_assets,0.2,40,12,0.16666666666666666,10368,2,0.00019290123456790122
boundary_fixed_k20,permanent_exit,boundary_fixed_k20__permanent_exit,0.05,10,12,0.25,1531,3,0.001959503592423253
boundary_fixed_k20,permanent_exit,boundary_fixed_k20__permanent_exit,0.1,20,12,0.0,1531,0,0.0
boundary_fixed_k20,permanent_exit,boundary_fixed_k20__permanent_exit,0.2,40,12,0.0,1531,0,0.0
boundary_fixed_k20,reset_to_initial_cash,boundary_fixed_k20__reset_to_initial_cash,0.05,10,12,0.8333333333333334,8228,15,0.0018230432668935343
boundary_fixed_k20,reset_to_initial_cash,boundary_fixed_k20__reset_to_initial_cash,0.1,20,12,0.0,8228,0,0.0
boundary_fixed_k20,reset_to_initial_cash,boundary_fixed_k20__reset_to_initial_cash,0.2,40,12,0.0,8228,0,0.0
