family,scenario_id,scenario_index,n_nodes,money_distribution,control_name,control_value,early_runs,early_period_count,early_event_count,early_runs_with_events,early_avalanche_occupancy,early_one_period_wait_fraction,early_pooled_size_lag1_correlation,early_mean_event_size,early_median_event_size,early_p90_event_size,early_p95_event_size,early_p99_event_size,early_max_event_size,early_large_event_count,early_large_event_rate,early_mean_initial_default_count,early_mean_propagated_default_count,early_propagated_default_share,early_single_initial_default_fraction,early_mean_active_credit,early_mean_final_net_worth_gini,early_mean_period_length_steps,early_mean_issued_credit,early_unique_default_nodes_within_runs,early_total_default_occurrences_within_runs,early_repeated_default_occurrences_within_runs,early_repeated_default_share,late_runs,late_period_count,late_event_count,late_runs_with_events,late_avalanche_occupancy,late_one_period_wait_fraction,late_pooled_size_lag1_correlation,late_mean_event_size,late_median_event_size,late_p90_event_size,late_p95_event_size,late_p99_event_size,late_max_event_size,late_large_event_count,late_large_event_rate,late_mean_initial_default_count,late_mean_propagated_default_count,late_propagated_default_share,late_single_initial_default_fraction,late_mean_active_credit,late_mean_final_net_worth_gini,late_mean_period_length_steps,late_mean_issued_credit,late_unique_default_nodes_within_runs,late_total_default_occurrences_within_runs,late_repeated_default_occurrences_within_runs,late_repeated_default_share,occupancy_stationary,size_stationary,active_credit_stationary,gini_stationary,propagation_stationary,single_trigger_and_propagation_ok,separation_ok,stationarity_ok,breadth_ok,soc_candidate,classification,classification_code,occupancy_absolute_drift,mean_size_relative_drift,active_credit_relative_drift,gini_absolute_drift,propagation_share_absolute_drift
fixed,fixed__N200__K1__lognormal__biased__random,20,200,lognormal,fixed_k,1.0,12,4800,221,12,0.04604166666666667,0.05741626794258373,-0.029556650246305657,1.0271493212669682,1.0,1.0,1.0,2.0,2,0,0.0,1.0,0.027149321266968326,0.02643171806167401,1.0,183.65833333333333,0.5222160282697224,1.0,1.0,171,227,56,0.24669603524229075,12,4800,170,12,0.035416666666666666,0.04430379746835443,-0.057240059071277986,1.1294117647058823,1.0,1.0,2.0,3.0,3,0,0.0,1.0,0.12941176470588237,0.11458333333333333,1.0,1351.2279166666667,0.4428803283063999,1.0,1.0,152,192,40,0.20833333333333334,True,True,False,False,True,True,True,False,False,False,sparse_but_nonstationary,5,-0.010625000000000002,0.09955947136563885,6.35729161940197,-0.07933569996332246,0.08815161527165932
fixed,fixed__N200__K1__pareto__biased__random,21,200,pareto,fixed_k,1.0,12,4800,53,12,0.011041666666666667,0.04878048780487805,-0.06362847629757774,1.0566037735849056,1.0,1.0,1.3999999999999986,2.0,2,0,0.0,1.0,0.05660377358490566,0.05357142857142857,1.0,196.70541666666668,0.4148882928952595,1.0,1.0,48,56,8,0.14285714285714285,12,4800,132,12,0.0275,0.008333333333333333,-0.0414342093846098,1.2272727272727273,1.0,2.0,2.4499999999999886,3.6899999999999977,6,0,0.0,1.0,0.22727272727272727,0.18518518518518517,1.0,1410.641875,0.4520405540201485,1.0,1.0,130,162,32,0.19753086419753085,True,True,False,True,False,True,True,False,False,False,sparse_but_nonstationary,5,0.016458333333333332,0.16152597402597405,6.1713422990809015,0.03715226112488895,0.1316137566137566
fixed,fixed__N200__K2__lognormal__biased__random,22,200,lognormal,fixed_k,2.0,12,4800,399,12,0.083125,0.09043927648578812,0.13882226295390787,1.0952380952380953,1.0,1.0,2.0,2.0,5,0,0.0,1.0275689223057645,0.06766917293233082,0.06178489702517163,0.9724310776942355,357.83,0.5480670403128509,2.0,2.0,274,437,163,0.37299771167048057,12,4800,417,12,0.086875,0.09876543209876543,-0.007500074935607142,1.1918465227817745,1.0,2.0,2.0,3.0,7,0,0.0,1.026378896882494,0.16546762589928057,0.13883299798792756,0.973621103117506,2089.5275,0.5029014296508362,2.0,2.0,323,497,174,0.3501006036217304,True,True,False,True,True,True,True,False,False,False,sparse_but_nonstationary,5,0.0037499999999999895,0.088207694713794,4.8394419137579305,-0.045165610662014744,0.07704810096275594
fixed,fixed__N200__K2__pareto__biased__random,23,200,pareto,fixed_k,2.0,12,4800,163,12,0.03395833333333333,0.026490066225165563,0.08092014871286766,1.0797546012269938,1.0,1.0,2.0,2.0,3,0,0.0,1.01840490797546,0.06134969325153374,0.056818181818181816,0.9815950920245399,378.2025,0.43441467955358093,2.0,2.0,126,176,50,0.2840909090909091,12,4800,440,12,0.09166666666666666,0.08878504672897196,-0.022420796054230318,1.1590909090909092,1.0,2.0,2.0,3.0,5,0,0.0,1.0318181818181817,0.12727272727272726,0.10980392156862745,0.9681818181818181,2135.118125,0.49433219625761715,2.0,2.0,319,510,191,0.37450980392156863,False,True,False,False,True,True,True,False,False,False,sparse_but_nonstationary,5,0.05770833333333333,0.07347623966942157,4.645436307269255,0.05991751670403622,0.05298573975044563
fixed,fixed__N200__K5__lognormal__biased__random,24,200,lognormal,fixed_k,5.0,12,4800,1724,12,0.3591666666666667,0.39310747663551404,-0.03135821701553878,1.3207656612529002,1.0,2.0,2.849999999999909,4.0,6,0,0.0,1.195475638051044,0.12529002320185614,0.09486166007905138,0.8248259860788864,706.2647916666666,0.6061196609543734,5.0,5.0,751,2277,1526,0.6701800614844093,12,4800,2793,12,0.581875,0.5983459187342682,0.035995960648376825,1.531686358754028,1.0,3.0,3.0,5.0,7,0,0.0,1.3594701038310062,0.17221625492302184,0.11243571762505844,0.6949516648764769,2177.036875,0.7067293783883289,5.0,5.0,1122,4278,3156,0.7377279102384292,False,True,False,False,True,True,True,False,False,False,drift_or_persistent_failure,6,0.22270833333333334,0.15969577623712966,2.082465529483011,0.10060971743395553,0.017574057546007063
fixed,fixed__N200__K5__pareto__biased__random,25,200,pareto,fixed_k,5.0,12,4800,585,12,0.121875,0.21291448516579406,0.016122326021941594,1.2205128205128206,1.0,2.0,2.0,3.0,4,0,0.0,1.0923076923076922,0.1282051282051282,0.10504201680672269,0.9111111111111111,871.6639583333333,0.45382730431629303,5.0,5.0,358,714,356,0.49859943977591037,12,4800,2429,12,0.5060416666666666,0.5196524617294166,0.01650588690132166,1.4598600247015232,1.0,2.0,3.0,4.0,10,0,0.0,1.3104158089748867,0.14944421572663646,0.10236886632825719,0.7340469328941951,2562.9802083333334,0.6585529970140203,5.0,5.0,989,3546,2557,0.7210941906373378,False,True,False,False,True,True,True,False,False,False,drift_or_persistent_failure,6,0.3841666666666666,0.1961038017512479,1.940330598541535,0.20472569269772722,-0.0026731504784655025
fixed,fixed__N200__K10__lognormal__biased__random,26,200,lognormal,fixed_k,10.0,12,4800,3822,12,0.79625,0.8456692913385827,0.17864283155640656,2.545002616431188,2.0,5.0,5.0,7.0,11,0,0.0,2.2815279958137102,0.2634746206174778,0.1035262670916007,0.32548403976975404,893.0979166666667,0.6795176080521005,10.0,10.0,1379,9727,8348,0.8582296699907475,12,4800,4800,12,1.0,1.0,0.03469152747171858,8.517708333333333,9.0,11.0,12.0,13.0,18,0,0.0,6.759166666666666,1.7585416666666667,0.20645713586890058,0.0,239.02291666666667,0.9702060196805194,10.0,10.0,2284,40885,38601,0.9441359911948147,True,False,False,False,False,False,True,False,False,False,drift_or_persistent_failure,6,0.20375,2.3468367687879095,0.7323665051657736,0.29068841162841896,0.10293086877729987
fixed,fixed__N200__K10__pareto__biased__random,27,200,pareto,fixed_k,10.0,12,4800,2247,12,0.468125,0.665324384787472,0.08052649519654574,1.7970627503337784,1.0,3.0,4.0,6.0,10,0,0.0,1.6039163328882955,0.19314641744548286,0.10747894997523527,0.579884290164664,1316.8539583333334,0.5393277951015268,10.0,10.0,897,4038,3141,0.7778603268945022,12,4800,4800,12,1.0,1.0,0.07447398338215178,8.051458333333333,8.0,10.0,11.0,13.0,17,0,0.0,6.612916666666667,1.4385416666666666,0.17866846068258857,0.00020833333333333335,381.9977083333333,0.9586955615794744,10.0,10.0,2230,38647,36417,0.9422982378968613,False,False,False,False,True,False,True,False,False,False,drift_or_persistent_failure,6,0.531875,3.480343455918771,0.7099164216988755,0.4193677664779476,0.0711895107073533
fixed,fixed__N200__K15__lognormal__biased__random,28,200,lognormal,fixed_k,15.0,12,4800,4508,12,0.9391666666666667,0.9604092526690391,0.47930930401612026,5.191659272404614,5.0,9.0,10.0,12.0,16,0,0.0,4.629547471162378,0.562111801242236,0.10827209024098444,0.09139307897071872,894.38125,0.7464650164500879,15.0,15.0,1694,23404,21710,0.9276192103913861,12,4800,4800,12,1.0,1.0,-0.153816331480039,13.620833333333334,14.0,16.0,17.0,19.0,26,29,0.0060416666666666665,8.324375,5.296458333333334,0.388849801162435,0.0,84.02208333333333,0.9871147475293375,15.0,15.0,2357,65380,63023,0.9639492199449373,True,False,False,False,False,False,True,False,True,False,drift_or_persistent_failure,6,0.060833333333333295,1.6235992422947645,0.9060556297067572,0.24064973107924958,0.28057771092145056
fixed,fixed__N200__K15__pareto__biased__random,29,200,pareto,fixed_k,15.0,12,4800,3416,12,0.7116666666666667,0.8921856639247944,0.44070079492581754,3.643735362997658,3.0,7.0,8.0,10.0,15,0,0.0,3.25731850117096,0.3864168618266979,0.10604965051819716,0.23214285714285715,1374.9895833333333,0.6267320348397298,15.0,15.0,1426,12447,11021,0.8854342411826143,12,4800,4800,12,1.0,1.0,-0.12319355123070866,13.647708333333334,14.0,16.0,17.0,19.0,25,30,0.00625,8.258125,5.389583333333333,0.3949075699522203,0.0,71.56145833333333,0.9880426936123208,15.0,15.0,2363,65509,63146,0.9639286204948938,False,False,False,False,False,False,True,False,True,False,drift_or_persistent_failure,6,0.28833333333333333,2.74552676682467,0.9479549087493087,0.36131065877259094,0.28885791943402317
fixed,fixed__N200__K18__lognormal__biased__random,30,200,lognormal,fixed_k,18.0,12,4800,4597,12,0.9577083333333334,0.9705561613958561,0.6459787849309062,7.224276702197085,7.0,12.0,14.0,16.0,24,1,0.00021753317380900588,6.324994561670655,0.8992821405264303,0.12448057813911473,0.07287361322601697,840.911875,0.7795049876399662,18.0,18.0,1897,33210,31313,0.9428786510087324,12,4800,4800,12,1.0,1.0,-0.19269586995745194,16.405416666666667,17.0,19.0,20.0,22.0,29,410,0.08541666666666667,8.33875,8.066666666666666,0.49170751530236456,0.00020833333333333335,45.48166666666667,0.9905543731313257,18.0,18.0,2372,78746,76374,0.9698778350646382,True,False,False,False,False,False,True,False,True,False,drift_or_persistent_failure,6,0.042291666666666616,1.2708732435009538,0.9459138727626284,0.21104938549135943,0.36722693716324983
fixed,fixed__N200__K18__pareto__biased__random,31,200,pareto,fixed_k,18.0,12,4800,3702,12,0.77125,0.9303523035230352,0.699433384842701,5.8741220961642355,5.0,11.0,13.0,17.0,23,4,0.0010804970286331713,5.083198271204754,0.7909238249594813,0.13464545203715625,0.13830361966504592,1255.7027083333332,0.6912210905068815,18.0,18.0,1746,21746,20000,0.919709371838499,12,4800,4800,12,1.0,1.0,-0.18813712477309702,16.375416666666666,17.0,19.0,20.0,23.0,27,416,0.08666666666666667,8.272083333333333,8.103333333333333,0.49484745935217933,0.0,56.55416666666667,0.9912173185819916,18.0,18.0,2373,78602,76229,0.969809928500547,True,False,False,False,False,False,True,False,True,False,drift_or_persistent_failure,6,0.22875,1.7877215349949416,0.9549621369044193,0.29999622807511006,0.36020200731502305
fixed,fixed__N200__K20__lognormal__biased__random,32,200,lognormal,fixed_k,20.0,12,4800,4638,12,0.96625,0.9801124081279723,0.7156791921686695,9.165157395429064,9.0,15.0,16.0,19.0,24,25,0.005390254420008625,7.860931435963778,1.3042259594652867,0.14230262538816224,0.04915912031047866,732.02625,0.8074954428731997,20.0,20.0,2011,42508,40497,0.9526912581161193,12,4800,4800,12,1.0,1.0,-0.23698420054382385,18.178333333333335,18.0,21.0,23.0,25.0,32,1488,0.31,7.913125,10.265208333333334,0.5646946914825342,0.0,25.766666666666666,0.9941550940273994,20.0,20.0,2381,87256,84875,0.9727124782249931,True,False,False,False,False,False,True,False,True,False,drift_or_persistent_failure,6,0.03374999999999995,0.983417474357768,0.9648008979641555,0.1866596511541997,0.4223920660943719
fixed,fixed__N200__K20__pareto__biased__random,33,200,pareto,fixed_k,20.0,12,4800,3842,12,0.8004166666666667,0.9389033942558747,0.6995400681853663,6.950806871421134,7.0,13.0,14.0,18.0,24,11,0.0028630921395106715,6.033055700156169,0.9177511712649662,0.13203519940086125,0.11582509109838626,1260.5754166666666,0.699687690539865,20.0,20.0,1827,26705,24878,0.9315858453473133,12,4800,4800,12,1.0,1.0,-0.22068043869568194,18.137708333333332,18.0,21.0,22.0,25.0,29,1470,0.30625,8.191458333333333,9.94625,0.5483741284846257,0.0,39.050625,0.9923639769033947,20.0,20.0,2376,87061,84685,0.9727087903883485,True,False,False,False,False,False,True,False,True,False,drift_or_persistent_failure,6,0.19958333333333333,1.6094392591899145,0.9690215876942441,0.2926762863635297,0.41633892908376446
fixed,fixed__N200__K22__lognormal__biased__random,34,200,lognormal,fixed_k,22.0,12,4800,4678,12,0.9745833333333334,0.9832833261894557,0.7598747242070575,10.703505771697307,11.0,17.0,19.0,21.0,28,167,0.03569901667379222,8.965369816160752,1.738135955536554,0.16238940704200036,0.0404018811457888,699.069375,0.822673249435046,22.0,22.0,2082,50071,47989,0.9584190449561623,12,4800,4800,12,1.0,1.0,-0.2311901762150101,19.83625,20.0,23.0,24.0,27.0,32,2731,0.5689583333333333,8.405,11.43125,0.5762807990421577,0.0,30.452916666666667,0.9931343752341955,22.0,22.0,2379,95214,92835,0.9750141785871825,True,False,False,False,False,False,True,False,True,False,drift_or_persistent_failure,6,0.025416666666666643,0.853247937928142,0.9564379191025688,0.1704611257991494,0.41389139200015734
fixed,fixed__N200__K22__pareto__biased__random,35,200,pareto,fixed_k,22.0,12,4800,3973,12,0.8277083333333334,0.953294622570058,0.7633635520538354,8.737477976340298,9.0,16.0,17.0,20.0,25,43,0.010823055625471936,7.434684117795117,1.30279385854518,0.14910410785273953,0.0948905109489051,1119.7260416666666,0.7389325590324738,22.0,22.0,1977,34714,32737,0.9430489139828311,12,4800,4800,12,1.0,1.0,-0.22684883971130101,19.88479166666667,20.0,23.0,24.050000000000182,27.0,32,2810,0.5854166666666667,8.201041666666667,11.68375,0.5875721604660178,0.0,20.764791666666667,0.9934537956581698,22.0,22.0,2382,95447,93065,0.9750437415529037,True,False,False,False,False,False,True,False,True,False,drift_or_persistent_failure,6,0.17229166666666662,1.2758044965047723,0.981455471343902,0.25452123662569603,0.43846805261327826
fixed,fixed__N200__K24__lognormal__biased__random,36,200,lognormal,fixed_k,24.0,12,4800,4699,12,0.9789583333333334,0.9854917857904844,0.7597818582576819,11.5754415833156,12.0,19.0,20.0,22.0,26,302,0.06426899340285167,9.735475633113428,1.8399659502021706,0.1589542772047874,0.03298574164715897,761.3579166666667,0.8156420012282839,24.0,24.0,2086,54393,52307,0.9616494769547552,12,4800,4800,12,1.0,1.0,-0.2297677158039636,21.5,22.0,25.0,26.0,29.0,34,3663,0.763125,8.703333333333333,12.796666666666667,0.5951937984496124,0.0,31.577708333333334,0.9932113542620367,24.0,24.0,2382,103200,100818,0.9769186046511628,True,False,False,False,False,False,True,False,True,False,drift_or_persistent_failure,6,0.021041666666666625,0.8573805452907541,0.9585244894128309,0.17756935303375276,0.436239521244825
fixed,fixed__N200__K24__pareto__biased__random,37,200,pareto,fixed_k,24.0,12,4800,4064,12,0.8466666666666667,0.9597729516288253,0.7907006042628939,10.227608267716535,10.0,18.0,20.0,23.0,29,243,0.05979330708661417,8.491141732283465,1.7364665354330708,0.16978226873571514,0.07012795275590551,1081.2647916666667,0.7501710290095859,24.0,24.0,2047,41565,39518,0.9507518344761218,12,4800,4800,12,1.0,1.0,-0.24564734571914187,21.500208333333333,22.0,25.0,26.0,29.0,34,3658,0.7620833333333333,8.784375,12.715833333333334,0.5914283776319997,0.0,35.25958333333333,0.9930507707766094,24.0,24.0,2380,103201,100821,0.9769382079631012,True,False,False,False,False,False,True,False,True,False,drift_or_persistent_failure,6,0.15333333333333332,1.1021736236416857,0.9673904268361647,0.24287974176702354,0.4216461088962846
fixed,fixed__N200__K26__lognormal__biased__random,38,200,lognormal,fixed_k,26.0,12,4800,4716,12,0.9825,0.9883078231292517,0.7767391491286304,13.42005937234945,14.0,21.0,22.0,25.0,30,761,0.16136556403731978,10.945080576759967,2.4749787955894824,0.18442383352557318,0.026293469041560644,694.1427083333333,0.8335531790437462,26.0,26.0,2128,63289,61161,0.9663764635244672,12,4800,4800,12,1.0,1.0,-0.25051386341545007,22.972708333333333,23.0,27.0,28.0,31.0,37,4167,0.868125,9.311666666666667,13.661041666666666,0.5946639581387334,0.0,54.40145833333333,0.9921656710741081,26.0,26.0,2375,110269,107894,0.9784617616918626,True,False,False,False,False,False,True,False,True,False,drift_or_persistent_failure,6,0.01749999999999996,0.7118186809714168,0.9216278472996516,0.15861249203036198,0.41024012461316023
fixed,fixed__N200__K26__pareto__biased__random,39,200,pareto,fixed_k,26.0,12,4800,4117,12,0.8577083333333333,0.9661388550548112,0.816436753275099,11.641000728685936,12.0,21.0,23.0,26.0,31,552,0.1340782122905028,9.308234151080883,2.332766577605052,0.20039227141843677,0.0638814670876852,1068.6372916666667,0.7598248478444305,26.0,26.0,2098,47926,45828,0.9562241789425364,12,4800,4800,12,1.0,1.0,-0.23823526006421314,23.128541666666667,23.0,27.0,28.0,31.0,37,4167,0.868125,8.641875,14.486666666666666,0.6263545222803715,0.00020833333333333335,22.601875,0.9940346971742404,26.0,26.0,2384,111017,108633,0.9785258113622238,True,False,False,False,False,False,True,False,True,False,drift_or_persistent_failure,6,0.1422916666666667,0.9868173025428091,0.9788498163256593,0.23420984932980993,0.42596225086193473
fixed,fixed__N200__K30__lognormal__biased__random,40,200,lognormal,fixed_k,30.0,12,4800,4737,12,0.986875,0.9925925925925926,0.8066058473816452,16.521849271690943,18.0,25.0,26.0,29.0,36,1913,0.4038420941524171,12.855393709098585,3.666455562592358,0.22191556782173158,0.022165927802406588,621.680625,0.8569678301819986,30.0,30.0,2210,78264,76054,0.9717622406214863,12,4800,4800,12,1.0,1.0,-0.20207190366776268,26.221458333333334,26.0,30.0,32.0,35.0,42,4614,0.96125,8.832083333333333,17.389375,0.6631734504977634,0.0,16.4975,0.9947047408358524,30.0,30.0,2387,125863,123476,0.9810349348100713,True,False,False,False,False,False,True,False,True,False,drift_or_persistent_failure,6,0.013125000000000053,0.5870776873786161,0.9734630623240028,0.13773691065385374,0.44125788267603183
fixed,fixed__N200__K30__pareto__biased__random,41,200,pareto,fixed_k,30.0,12,4800,4242,12,0.88375,0.9747044917257683,0.8590838037019436,15.296086751532297,17.0,25.0,27.0,29.0,35,1587,0.3741159830268741,11.522866572371523,3.773220179160773,0.24667879049409733,0.04903347477604903,904.8802083333334,0.8006237185412481,30.0,30.0,2217,64886,62669,0.9658323829485559,12,4800,4800,12,1.0,1.0,-0.24214318696126175,26.35354166666667,26.0,31.0,32.0,35.0,42,4613,0.9610416666666667,8.649583333333334,17.703958333333333,0.671786682688127,0.0,12.67375,0.9946881286665386,30.0,30.0,2387,126497,124110,0.9811299872724254,True,False,False,False,False,False,True,False,True,False,drift_or_persistent_failure,6,0.11624999999999996,0.7228943647319915,0.9859940024289586,0.1940644101252904,0.42510789219402967
income,income__N200__c0p02__lognormal__biased__random,0,200,lognormal,c,0.02,12,4800,428,12,0.08916666666666667,0.0985576923076923,-0.0046103183315039705,1.1214953271028036,1.0,2.0,2.0,2.730000000000018,3,0,0.0,1.0420560747663552,0.0794392523364486,0.07083333333333333,0.9579439252336449,386.55895833333335,0.5595312715301511,2.1414583333333335,2.1414583333333335,310,480,170,0.3541666666666667,12,4800,440,12,0.09166666666666666,0.11448598130841121,0.020575066565522923,1.2045454545454546,1.0,2.0,2.0,3.6100000000000136,7,0,0.0,1.0318181818181817,0.17272727272727273,0.14339622641509434,0.9681818181818181,2167.594791666667,0.5132661511709459,2.078333333333333,2.078333333333333,333,530,197,0.37169811320754714,True,True,False,True,True,True,True,False,False,False,sparse_but_nonstationary,5,0.0024999999999999883,0.07405303030303043,4.607410577192031,-0.04626512035920527,0.072562893081761
income,income__N200__c0p02__pareto__biased__random,1,200,pareto,c,0.02,12,4800,118,12,0.024583333333333332,0.07547169811320754,-0.040337861749945574,1.11864406779661,1.0,1.0,2.0,3.0,3,0,0.0,1.0,0.11864406779661017,0.10606060606060606,1.0,408.701875,0.4128813456892945,2.0575,2.0575,97,132,35,0.26515151515151514,12,4800,404,12,0.08416666666666667,0.08673469387755102,-0.052647138528245215,1.1683168316831682,1.0,2.0,2.0,3.0,5,0,0.0,1.0148514851485149,0.15346534653465346,0.13135593220338984,0.9851485148514851,2222.5120833333335,0.487797014382669,2.0,2.0,308,472,164,0.3474576271186441,False,True,False,False,True,True,True,False,False,False,sparse_but_nonstationary,5,0.059583333333333335,0.04440444044404443,4.437978681485945,0.07491566869337446,0.025295326142783778
income,income__N200__c0p04__lognormal__biased__random,2,200,lognormal,c,0.04,12,4800,1328,12,0.27666666666666667,0.29559270516717323,-0.01584319440105418,1.2191265060240963,1.0,2.0,2.0,3.730000000000018,6,0,0.0,1.1295180722891567,0.08960843373493976,0.07350216182828907,0.8787650602409639,629.7085416666666,0.5903222704538262,4.116875,4.116875,634,1619,985,0.6084002470660902,12,4800,1601,12,0.3335416666666667,0.32976714915040906,0.03454450495488924,1.3266708307307933,1.0,2.0,3.0,4.0,7,0,0.0,1.169269206745784,0.15740162398500937,0.11864406779661017,0.8438475952529669,2382.8733333333334,0.6140196315532948,3.9827083333333335,3.9827083333333335,804,2124,1320,0.6214689265536724,True,True,False,True,True,True,True,False,False,False,drift_or_persistent_failure,6,0.05687500000000001,0.08821424534310905,2.784089266165134,0.023697361099468517,0.0451419059683211
income,income__N200__c0p04__pareto__biased__random,3,200,pareto,c,0.04,12,4800,461,12,0.09604166666666666,0.14253897550111358,-0.044986364255177325,1.175704989154013,1.0,2.0,2.0,3.0,6,0,0.0,1.0498915401301518,0.12581344902386118,0.1070110701107011,0.9544468546637744,771.9104166666667,0.4672161828150267,4.214791666666667,4.214791666666667,301,542,241,0.4446494464944649,12,4800,1495,12,0.31145833333333334,0.3162508428860418,-0.004403433024443152,1.3150501672240802,1.0,2.0,3.0,5.0,8,0,0.0,1.1491638795986623,0.16588628762541807,0.12614445574771108,0.8622073578595317,2704.5716666666667,0.5939003417011244,4.055,4.055,759,1966,1207,0.6139369277721262,False,True,False,False,True,True,True,False,False,False,drift_or_persistent_failure,6,0.21541666666666667,0.11852052968690217,2.503737750224686,0.1266841588860977,0.019133385637009975
income,income__N200__c0p06__lognormal__biased__random,4,200,lognormal,c,0.06,12,4800,2507,12,0.5222916666666667,0.5615230460921844,0.06721843237416082,1.5281212604706822,1.0,3.0,3.0,4.0,8,0,0.0,1.385719984044675,0.14240127642600717,0.09318715740015662,0.6876745113681692,804.063125,0.6236917394435926,6.443333333333333,6.443333333333333,967,3831,2864,0.7475854868180631,12,4800,3994,12,0.8320833333333333,0.8568558513309894,0.12062808474502458,2.385578367551327,2.0,4.0,5.0,7.0,11,0,0.0,2.0873810716074113,0.29819729594391586,0.125,0.37080620931397096,1497.6922916666667,0.8040122836627785,6.255208333333333,6.255208333333333,1581,9528,7947,0.8340680100755667,False,False,False,False,True,False,True,False,False,False,drift_or_persistent_failure,6,0.3097916666666666,0.5611184984210849,0.8626551138838343,0.18032054421918597,0.03181284259984338
income,income__N200__c0p06__pareto__biased__random,5,200,pareto,c,0.06,12,4800,1174,12,0.24458333333333335,0.3743545611015491,0.049962105172359196,1.409710391822828,1.0,2.0,3.0,5.0,8,0,0.0,1.2350936967632027,0.1746166950596252,0.12386706948640483,0.7947189097103918,1063.5060416666668,0.5177952052512477,6.6120833333333335,6.6120833333333335,612,1655,1043,0.6302114803625377,12,4800,4030,12,0.8395833333333333,0.8446988551518169,0.058871321858820526,2.192555831265509,2.0,4.0,5.0,7.0,11,0,0.0,1.9297766749379652,0.26277915632754345,0.11985061113626075,0.4044665012406948,1858.7572916666666,0.7953284665983806,6.333541666666667,6.333541666666667,1511,8836,7325,0.8289950203712086,False,False,False,False,True,False,True,False,False,False,drift_or_persistent_failure,6,0.595,0.5553235926922703,0.7477637350829967,0.27753326134713296,-0.004016458350144081
income,income__N200__c0p08__lognormal__biased__random,6,200,lognormal,c,0.08,12,4800,3704,12,0.7716666666666666,0.800650054171181,0.10067951281676527,2.163606911447084,2.0,4.0,5.0,6.0,10,0,0.0,1.955183585313175,0.2084233261339093,0.0963314200149738,0.4265658747300216,918.3577083333333,0.6657543787472949,9.156875,9.156875,1243,8014,6771,0.8448964312453207,12,4800,4786,12,0.9970833333333333,0.9970674486803519,0.31953736284438844,6.525491015461763,7.0,9.0,10.0,12.0,19,0,0.0,5.474508984538237,1.050982030923527,0.16105792321731613,0.013790221479314668,519.5870833333333,0.9419405840373113,8.825,8.825,2167,31231,29064,0.9306138131984246,True,False,False,False,True,False,False,False,False,False,drift_or_persistent_failure,6,0.2254166666666667,2.01602429763793,0.4342214600928242,0.27618620529001636,0.06472650320234233
income,income__N200__c0p08__pareto__biased__random,7,200,pareto,c,0.08,12,4800,2005,12,0.41770833333333335,0.6056196688409433,0.0650204233453656,1.7042394014962594,1.0,3.0,4.0,5.0,11,0,0.0,1.510224438902743,0.19401496259351622,0.1138425519461516,0.6239401496259351,1245.0789583333333,0.5553516222300193,9.067291666666666,9.067291666666666,917,3417,2500,0.7316359379572724,12,4800,4794,12,0.99875,0.998745294855709,0.22349772393948536,6.541718815185649,7.0,9.0,10.0,11.0,14,0,0.0,5.481435127242387,1.0602836879432624,0.16208029080705336,0.006257822277847309,521.1347916666666,0.9461048255571416,8.892291666666667,8.892291666666667,2181,31361,29180,0.9304550237556201,False,False,False,False,True,False,True,False,False,False,drift_or_persistent_failure,6,0.5810416666666667,2.8384975781232735,0.5814443829616562,0.39075320332712227,0.048237738860901755
income,income__N200__c0p10__lognormal__biased__random,8,200,lognormal,c,0.1,12,4800,4325,12,0.9010416666666666,0.9209367029909575,0.3738621337803064,3.547514450867052,3.0,6.0,7.0,9.0,12,0,0.0,3.2004624277456646,0.3470520231213873,0.0978296291468422,0.19676300578034683,929.8320833333333,0.7177615027085364,12.310833333333333,12.310833333333333,1510,15343,13833,0.9015837841360881,12,4800,4800,12,1.0,1.0,0.2551193209172743,10.2525,10.0,13.0,14.0,16.0,20,1,0.00020833333333333335,7.533333333333333,2.7191666666666667,0.26521986507355927,0.0,182.059375,0.978719093021774,11.667708333333334,11.667708333333334,2315,49212,46897,0.9529586279769162,True,False,False,False,False,False,True,False,True,False,drift_or_persistent_failure,6,0.09895833333333337,1.890051652219253,0.8042018787442357,0.2609575903132375,0.16739023592671706
income,income__N200__c0p10__pareto__biased__random,9,200,pareto,c,0.1,12,4800,2992,12,0.6233333333333333,0.8080536912751678,0.216875527491811,2.4558823529411766,2.0,5.0,5.0,7.0,15,0,0.0,2.177807486631016,0.27807486631016043,0.11322808927599347,0.37366310160427807,1286.7791666666667,0.633933552770668,11.687083333333334,11.687083333333334,1231,7348,6117,0.8324714207947741,12,4800,4800,12,1.0,1.0,-0.08226520104250544,9.984166666666667,10.0,12.0,13.0,14.0,18,0,0.0,6.989791666666667,2.994375,0.2999123612386278,0.0,93.68041666666667,0.9843932997804989,10.983541666666667,10.983541666666667,2344,47924,45580,0.9510892246056256,False,False,False,False,False,False,True,False,False,False,drift_or_persistent_failure,6,0.3766666666666667,3.0654091816367264,0.9271977514919357,0.35045974700983096,0.18668427196263432
income,income__N200__c0p12__lognormal__biased__random,10,200,lognormal,c,0.12,12,4800,4507,12,0.9389583333333333,0.9519466073414905,0.5070114193836559,5.015753272686932,5.0,9.0,10.0,12.0,19,0,0.0,4.473263811848236,0.5424894608386953,0.1081571264266124,0.1045041047259818,904.494375,0.7600179821880003,14.785625,14.785625,1712,22606,20894,0.9242678934796071,12,4800,4800,12,1.0,1.0,0.06400365327378042,12.432916666666667,13.0,15.0,16.0,18.0,27,6,0.00125,8.03625,4.3966666666666665,0.35363115385904353,0.0,99.47645833333333,0.9871508818568162,13.693125,13.693125,2352,59678,57326,0.9605884915714333,True,False,False,False,False,False,True,False,True,False,drift_or_persistent_failure,6,0.06104166666666666,1.4787735741248635,0.8900198153987046,0.2271328996688159,0.24547402743243113
income,income__N200__c0p12__pareto__biased__random,11,200,pareto,c,0.12,12,4800,3232,12,0.6733333333333333,0.8590062111801242,0.3592342952313175,3.234839108910891,3.0,6.0,7.0,9.0,14,0,0.0,2.883972772277228,0.35086633663366334,0.10846484935437589,0.2682549504950495,1468.1125,0.6133055845570231,14.358333333333333,14.358333333333333,1335,10455,9120,0.8723098995695839,12,4800,4800,12,1.0,1.0,-0.13182027292443033,11.993541666666667,12.0,14.0,15.0,17.0,22,2,0.0004166666666666667,7.952916666666667,4.040625,0.3369000677447932,0.0,89.631875,0.9841922927227229,13.155833333333334,13.155833333333334,2351,57569,55218,0.9591620490194376,False,False,False,False,False,False,True,False,True,False,drift_or_persistent_failure,6,0.32666666666666666,2.7076161326319146,0.9389475431889586,0.3708867081656998,0.2284352183904173
income,income__N200__c0p14__lognormal__biased__random,12,200,lognormal,c,0.14,12,4800,4624,12,0.9633333333333334,0.9698612315698178,0.6295662481325872,6.920415224913495,7.0,12.0,13.0,16.0,20,2,0.00043252595155709344,6.088019031141869,0.8323961937716263,0.12028125,0.06812283737024222,865.969375,0.7889243498948872,17.553333333333335,17.553333333333335,1883,32000,30117,0.94115625,12,4800,4800,12,1.0,1.0,-0.02460068480995676,14.448958333333334,15.0,17.0,18.0,20.0,25,100,0.020833333333333332,8.125833333333333,6.323125,0.43761805205104176,0.0,64.656875,0.9895515945015562,15.80375,15.80375,2364,69355,66991,0.9659144978732608,True,False,False,False,False,False,True,False,True,False,drift_or_persistent_failure,6,0.036666666666666625,1.0878744791666666,0.9253358411202475,0.20062724460666892,0.31733680205104176
income,income__N200__c0p14__pareto__biased__random,13,200,pareto,c,0.14,12,4800,3681,12,0.766875,0.9160534205505587,0.5426702649913901,4.894050529747351,5.0,9.0,10.0,12.0,19,0,0.0,4.32762836185819,0.5664221678891606,0.115736885928393,0.1480575930453681,1351.7125,0.6760643263972707,17.303333333333335,17.303333333333335,1630,18015,16385,0.9095198445739662,12,4800,4800,12,1.0,1.0,-0.16953571387800426,14.127708333333333,14.0,17.0,18.0,19.0,22,42,0.00875,7.780833333333334,6.346875,0.44925014377774175,0.0,37.66395833333333,0.9911220860968594,15.349791666666667,15.349791666666667,2371,67813,65442,0.9650362024980461,True,False,False,False,False,False,True,False,True,False,drift_or_persistent_failure,6,0.23312500000000003,1.8867107618651122,0.9721361174559433,0.3150577596995887,0.33351325784934877
income,income__N200__c0p16__lognormal__biased__random,14,200,lognormal,c,0.16,12,4800,4723,12,0.9839583333333334,0.9864147739333475,0.696830331411112,8.348083845013763,8.0,14.0,16.0,18.0,23,21,0.004446326487402075,7.235443573999577,1.1126402710141858,0.1332809171147408,0.042981156044886726,860.9783333333334,0.7915552307229955,19.88104166666667,19.88104166666667,1925,39428,37503,0.9511768286496906,12,4800,4800,12,1.0,1.0,0.003704602927810466,15.964583333333334,16.0,19.0,20.0,22.0,31,385,0.08020833333333334,8.333958333333333,7.630625,0.4779720736004176,0.0,55.28,0.9909484747661879,17.517708333333335,17.517708333333335,2371,76630,74259,0.9690591152290225,True,False,False,False,False,False,True,False,True,False,drift_or_persistent_failure,6,0.01604166666666662,0.9123649965337661,0.9357939708122737,0.19939324404319236,0.34469115648567683
income,income__N200__c0p16__pareto__biased__random,15,200,pareto,c,0.16,12,4800,3914,12,0.8154166666666667,0.9441312147616607,0.6797767996298746,6.7950945324476235,6.0,12.0,14.0,17.0,24,4,0.001021972406745018,5.9256515074093,0.8694430250383239,0.12795157166491203,0.10781808891159939,1302.6764583333334,0.7061851612526242,20.220416666666665,20.220416666666665,1819,26596,24777,0.9316062565799368,12,4800,4800,12,1.0,1.0,-0.19289995437433324,16.139166666666668,16.0,19.0,20.0,22.0,28,339,0.070625,8.251041666666667,7.888125,0.48875664790623224,0.00020833333333333335,38.65770833333333,0.9910919355022829,17.663333333333334,17.663333333333334,2374,77468,75094,0.9693550885526927,True,False,False,False,False,False,True,False,True,False,drift_or_persistent_failure,6,0.18458333333333332,1.3751202561788742,0.9703243978303003,0.2849067742496587,0.3608050762413202
income,income__N200__c0p18__lognormal__biased__random,16,200,lognormal,c,0.18,12,4800,4751,12,0.9897916666666666,0.990715340789196,0.7384809501221461,10.765523047779414,11.0,17.0,19.0,22.0,28,157,0.03304567459482214,9.083771837507893,1.6817512102715217,0.15621639587854616,0.024836876447063776,759.78,0.8249174781969675,22.851458333333333,22.851458333333333,2074,51147,49073,0.959450212133654,12,4800,4800,12,1.0,1.0,0.05703271827892097,17.892916666666668,18.0,22.0,23.0,26.0,35,1297,0.27020833333333333,8.193958333333333,9.698958333333334,0.5420557483175372,0.0,32.429375,0.9923413116424302,19.669166666666666,19.669166666666666,2378,85886,83508,0.9723121346901706,True,False,False,False,False,False,True,False,True,False,drift_or_persistent_failure,6,0.010208333333333375,0.6620573461460759,0.9573174142514937,0.16742383344546274,0.38583935243899103
income,income__N200__c0p18__pareto__biased__random,17,200,pareto,c,0.18,12,4800,4095,12,0.853125,0.9578741121724222,0.7613086931125538,9.32893772893773,9.0,16.0,18.0,21.0,25,81,0.01978021978021978,7.873504273504273,1.4554334554334554,0.15601277420030366,0.0796092796092796,1146.1652083333333,0.7553647696812442,23.23625,23.23625,2014,38202,36188,0.9472802471074813,12,4800,4800,12,1.0,1.0,-0.20036970343393853,18.060625,18.0,21.0,22.0,24.0,31,1331,0.27729166666666666,7.995208333333333,10.065416666666666,0.557312754495853,0.0,23.832291666666666,0.9934358895048199,19.763541666666665,19.763541666666665,2382,86691,84309,0.9725230992836627,True,False,False,False,False,False,True,False,True,False,drift_or_persistent_failure,6,0.14687499999999998,0.9359787282079473,0.9792069315196527,0.23807111982357565,0.40129998029554936
income,income__N200__c0p20__lognormal__biased__random,18,200,lognormal,c,0.2,12,4800,4779,12,0.995625,0.9958044891965597,0.773117337336177,13.485247959824232,14.0,21.0,22.0,25.0,32,815,0.17053776940782592,10.91734672525633,2.567901234567901,0.19042298978990163,0.01841389412010881,668.711875,0.8496580436259022,26.109791666666666,26.109791666666666,2159,64446,62287,0.9664990845048568,12,4800,4800,12,1.0,1.0,0.08747386548237567,19.929375,20.0,24.0,25.0,28.0,33,2705,0.5635416666666667,8.626666666666667,11.302708333333333,0.5671381231640898,0.0,34.423125,0.9929056220318466,22.105416666666667,22.105416666666667,2378,95661,93283,0.9751413846813226,True,False,False,False,False,False,True,False,True,False,drift_or_persistent_failure,6,0.004375000000000018,0.47786492761381616,0.9485232335675211,0.14324757840594438,0.3767151333741882
income,income__N200__c0p20__pareto__biased__random,19,200,pareto,c,0.2,12,4800,4218,12,0.87875,0.9676652401331431,0.8050381852367303,11.475343764817449,12.0,19.0,21.0,23.0,32,395,0.09364627785680417,9.4950213371266,1.9803224276908487,0.17257194801975084,0.06590801327643434,1109.831875,0.7706105700346356,26.513958333333335,26.513958333333335,2098,48403,46305,0.9566555791996364,12,4800,4800,12,1.0,1.0,-0.22240353857808565,20.011875,20.0,23.0,25.0,27.0,31,2861,0.5960416666666667,8.943125,11.06875,0.5531090914769355,0.0,56.22958333333333,0.9919686366688577,22.25375,22.25375,2374,96057,93683,0.9752855075632176,True,False,False,False,False,False,True,False,True,False,drift_or_persistent_failure,6,0.12124999999999997,0.7439020050410099,0.949335043802618,0.22135806663422208,0.3805371434571847
