scenario_id,scenario_base_id,c,n_nodes,money_distribution,income_distribution_rule,growth_rule,spending_label,a,b,topology_label,topology_family,target_mean_degree_requested,runs,run_default_rate,run_large_event_rate,mean_periods_completed,mean_time_steps_completed,mean_avalanche_count,event_count,events_per_run,event_occupancy,event_large_event_rate,mean_event_size,mean_event_fraction,median_event_size,p90_event_size,p99_event_size,max_event_size,mean_initial_default_count,mean_propagated_default_count,propagated_share_total,initial_share_total,mean_first_cascade_credit,mean_final_active_credit,mean_initial_gini,mean_final_net_worth_gini,mean_topology_degree,mean_topology_clustering,mean_topology_degree_cv
c-0p80__money-uniform__income-biased__growth-preferential_debt__spend-high_income__topo-complete,money-uniform__income-biased__growth-preferential_debt__spend-high_income__topo-complete,0.8,120,uniform,biased,preferential_debt,high_income,0.02,0.4,complete,complete,0,3,1.0,1.0,120.0,205451.3333333333,120.0,360,120.0,1.0,1.0,91.21388888888887,0.7601157407407407,97.0,102.0,105.0,111,83.01944444444445,8.194444444444445,0.0898376831013795,0.9101623168986204,480.0,16.666666666666668,0.3428962093974867,0.9570423795341624,119.0,1.0,0.0
c-0p80__money-lognormal__income-biased__growth-preferential_debt__spend-high_both__topo-complete,money-lognormal__income-biased__growth-preferential_debt__spend-high_both__topo-complete,0.8,120,lognormal,biased,preferential_debt,high_both,0.04,0.4,complete,complete,0,3,1.0,1.0,120.0,218998.3333333333,120.0,360,120.0,1.0,1.0,91.11944444444444,0.7593287037037038,95.0,101.0,105.0,108,82.09722222222223,9.022222222222222,0.099015333963357,0.900984666036643,480.0,24.33333333333333,0.5338058524337941,0.9415760509488624,119.0,1.0,0.0
c-0p80__money-lognormal__income-biased__growth-preferential_debt__spend-high_income__topo-complete,money-lognormal__income-biased__growth-preferential_debt__spend-high_income__topo-complete,0.8,120,lognormal,biased,preferential_debt,high_income,0.02,0.4,complete,complete,0,3,1.0,1.0,120.0,187846.0,120.0,360,120.0,1.0,1.0,90.49166666666666,0.7540972222222223,95.0,101.0,104.41000000000004,107,81.79722222222222,8.694444444444445,0.0960800564815667,0.9039199435184332,480.0,22.0,0.5047545821735657,0.9515750694644004,119.0,1.0,0.0
c-0p80__money-uniform__income-biased__growth-preferential_debt__spend-high_both__topo-complete,money-uniform__income-biased__growth-preferential_debt__spend-high_both__topo-complete,0.8,120,uniform,biased,preferential_debt,high_both,0.04,0.4,complete,complete,0,3,1.0,1.0,120.0,215173.66666666663,120.0,360,120.0,1.0,1.0,89.94166666666666,0.749513888888889,94.0,99.0,104.0,105,80.99722222222222,8.944444444444445,0.0994471725501096,0.9005528274498904,480.0,31.33333333333333,0.338589553833775,0.9483249182726324,119.0,1.0,0.0
c-0p70__money-uniform__income-biased__growth-preferential_debt__spend-high_both__topo-complete,money-uniform__income-biased__growth-preferential_debt__spend-high_both__topo-complete,0.7,120,uniform,biased,preferential_debt,high_both,0.04,0.4,complete,complete,0,3,1.0,1.0,120.0,157954.66666666666,120.0,360,120.0,1.0,1.0,87.47777777777777,0.7289814814814813,93.0,100.0,105.0,106,80.33888888888889,7.138888888888889,0.0816080274355391,0.9183919725644608,420.0,14.333333333333334,0.3477366724824098,0.9646183270958494,119.0,1.0,0.0
c-0p70__money-lognormal__income-biased__growth-preferential_debt__spend-high_income__topo-complete,money-lognormal__income-biased__growth-preferential_debt__spend-high_income__topo-complete,0.7,120,lognormal,biased,preferential_debt,high_income,0.02,0.4,complete,complete,0,3,1.0,1.0,120.0,138676.33333333334,120.0,360,120.0,1.0,1.0,87.18888888888888,0.7265740740740739,94.0,101.0,106.0,108,80.55833333333334,6.630555555555556,0.0760481712756467,0.9239518287243532,420.0,14.333333333333334,0.5047784924269952,0.9683653111612032,119.0,1.0,0.0
c-0p70__money-lognormal__income-biased__growth-preferential_debt__spend-high_both__topo-complete,money-lognormal__income-biased__growth-preferential_debt__spend-high_both__topo-complete,0.7,120,lognormal,biased,preferential_debt,high_both,0.04,0.4,complete,complete,0,3,1.0,1.0,120.0,141753.33333333334,120.0,360,120.0,1.0,1.0,84.80555555555556,0.7067129629629629,91.0,97.0,101.0,103,76.73055555555555,8.075,0.0952178185391418,0.9047821814608582,420.0,20.33333333333333,0.4738208561862553,0.958534317745773,119.0,1.0,0.0
c-0p80__money-lognormal__income-biased__growth-preferential_debt__spend-high_wealth__topo-complete,money-lognormal__income-biased__growth-preferential_debt__spend-high_wealth__topo-complete,0.8,120,lognormal,biased,preferential_debt,high_wealth,0.04,0.2,complete,complete,0,3,1.0,1.0,120.0,100335.0,120.0,360,120.0,1.0,1.0,84.65,0.7054166666666667,91.0,98.0,102.41000000000004,107,79.68888888888888,4.961111111111111,0.0586073374023757,0.9413926625976242,480.0,10.333333333333334,0.4995930690678583,0.9780822861358546,119.0,1.0,0.0
c-0p80__money-uniform__income-biased__growth-preferential_debt__spend-high_wealth__topo-complete,money-uniform__income-biased__growth-preferential_debt__spend-high_wealth__topo-complete,0.8,120,uniform,biased,preferential_debt,high_wealth,0.04,0.2,complete,complete,0,3,1.0,1.0,120.0,100713.0,120.0,360,120.0,1.0,1.0,84.53055555555555,0.7044212962962964,92.0,98.0,102.41000000000004,107,79.84722222222223,4.683333333333334,0.0554040287864348,0.9445959712135652,480.0,12.666666666666666,0.3480644669792559,0.9797695458323202,119.0,1.0,0.0
c-0p60__money-lognormal__income-biased__growth-preferential_debt__spend-high_both__topo-complete,money-lognormal__income-biased__growth-preferential_debt__spend-high_both__topo-complete,0.6,120,lognormal,biased,preferential_debt,high_both,0.04,0.4,complete,complete,0,3,1.0,1.0,120.0,92574.0,120.0,360,120.0,1.0,1.0,80.18888888888888,0.6682407407407407,87.0,95.0,99.41000000000004,103,74.37222222222222,5.816666666666666,0.0725370652625744,0.9274629347374256,360.0,21.0,0.5056641035956481,0.9711903096813114,119.0,1.0,0.0
c-0p60__money-uniform__income-biased__growth-preferential_debt__spend-high_both__topo-complete,money-uniform__income-biased__growth-preferential_debt__spend-high_both__topo-complete,0.6,120,uniform,biased,preferential_debt,high_both,0.04,0.4,complete,complete,0,3,1.0,1.0,120.0,98746.66666666669,120.0,360,120.0,1.0,1.0,79.85833333333333,0.6654861111111111,88.0,94.0,99.0,104,74.4888888888889,5.3694444444444445,0.0672371212911753,0.9327628787088248,360.0,17.0,0.3318741044950888,0.9745851766953428,119.0,1.0,0.0
c-0p80__money-lognormal__income-biased__growth-preferential_debt__spend-high_both__topo-sw_k24,money-lognormal__income-biased__growth-preferential_debt__spend-high_both__topo-sw_k24,0.8,120,lognormal,biased,preferential_debt,high_both,0.04,0.4,sw_k24,sw,24,3,1.0,1.0,120.0,225798.66666666663,120.0,360,120.0,1.0,1.0,79.47222222222223,0.6622685185185185,82.0,88.0,92.0,94,71.5,7.972222222222222,0.1003145753233135,0.8996854246766864,480.0,29.666666666666668,0.5242544031655217,0.8810723144144713,24.0,0.5390754015909881,0.0663262372930795
c-0p80__money-lognormal__income-biased__growth-preferential_debt__spend-baseline__topo-complete,money-lognormal__income-biased__growth-preferential_debt__spend-baseline__topo-complete,0.8,120,lognormal,biased,preferential_debt,baseline,0.02,0.2,complete,complete,0,3,1.0,1.0,120.0,81192.0,120.0,360,120.0,1.0,1.0,77.80833333333334,0.6484027777777778,86.0,95.0,100.0,105,73.53611111111111,4.272222222222222,0.0549070008211059,0.945092999178894,480.0,12.666666666666666,0.4925091702670681,0.9840428436780324,119.0,1.0,0.0
c-0p70__money-lognormal__income-biased__growth-preferential_debt__spend-high_both__topo-sw_k24,money-lognormal__income-biased__growth-preferential_debt__spend-high_both__topo-sw_k24,0.7,120,lognormal,biased,preferential_debt,high_both,0.04,0.4,sw_k24,sw,24,3,1.0,1.0,120.0,157339.66666666666,120.0,360,120.0,1.0,1.0,76.33055555555555,0.636087962962963,79.0,85.0,89.41000000000003,95,69.675,6.655555555555556,0.0871938571272608,0.9128061428727392,420.0,20.666666666666668,0.4948907456477507,0.914405943377782,24.0,0.5346274848434142,0.0609412475681683
c-0p80__money-lognormal__income-biased__growth-preferential_debt__spend-high_both__topo-sw_k12,money-lognormal__income-biased__growth-preferential_debt__spend-high_both__topo-sw_k12,0.8,120,lognormal,biased,preferential_debt,high_both,0.04,0.4,sw_k12,sw,12,3,1.0,1.0,120.0,208092.66666666663,120.0,360,120.0,1.0,1.0,76.06388888888888,0.6338657407407408,77.0,83.0,87.0,90,69.22777777777777,6.836111111111111,0.0898732790417412,0.9101267209582588,480.0,26.666666666666668,0.5339850247883737,0.8541392910644694,12.0,0.5097533639200306,0.0837698402391905
c-0p70__money-lognormal__income-biased__growth-preferential_debt__spend-high_income__topo-sw_k24,money-lognormal__income-biased__growth-preferential_debt__spend-high_income__topo-sw_k24,0.7,120,lognormal,biased,preferential_debt,high_income,0.02,0.4,sw_k24,sw,24,3,1.0,1.0,120.0,133975.66666666666,120.0,360,120.0,1.0,1.0,75.08055555555555,0.6256712962962964,78.0,86.0,90.41000000000004,94,69.19444444444444,5.886111111111111,0.078397276998779,0.9216027230012208,420.0,17.333333333333332,0.5158921225513738,0.917430607511221,24.0,0.5345259034251203,0.0641847035339913
c-0p80__money-lognormal__income-biased__growth-preferential_debt__spend-high_income__topo-sw_k24,money-lognormal__income-biased__growth-preferential_debt__spend-high_income__topo-sw_k24,0.8,120,lognormal,biased,preferential_debt,high_income,0.02,0.4,sw_k24,sw,24,3,1.0,1.0,120.0,214513.0,120.0,360,120.0,1.0,1.0,74.28611111111111,0.6190509259259259,77.0,85.0,90.0,93,66.44722222222222,7.838888888888889,0.1055229405825823,0.8944770594174176,480.0,22.33333333333333,0.5290768493819923,0.9030450450660696,24.0,0.5476497364242153,0.0661585540441661
c-0p80__money-uniform__income-biased__growth-preferential_debt__spend-high_both__topo-sw_k12,money-uniform__income-biased__growth-preferential_debt__spend-high_both__topo-sw_k12,0.8,120,uniform,biased,preferential_debt,high_both,0.04,0.4,sw_k12,sw,12,3,1.0,1.0,120.0,211852.0,120.0,360,120.0,1.0,1.0,74.15833333333333,0.6179861111111111,76.0,82.0,86.0,88,67.51944444444445,6.638888888888889,0.0895231673970858,0.9104768326029142,480.0,31.33333333333333,0.3380971530696193,0.83701276981555,12.0,0.5014051920301922,0.0962200321646778
c-0p60__money-lognormal__income-biased__growth-preferential_debt__spend-high_income__topo-complete,money-lognormal__income-biased__growth-preferential_debt__spend-high_income__topo-complete,0.6,120,lognormal,biased,preferential_debt,high_income,0.02,0.4,complete,complete,0,3,1.0,1.0,120.0,70998.66666666667,120.0,360,120.0,1.0,1.0,73.4,0.6116666666666666,82.0,89.0,95.41000000000004,97,68.71388888888889,4.686111111111111,0.0638434756282167,0.9361565243717832,360.0,14.333333333333334,0.5104346790975254,0.9797236460679688,119.0,1.0,0.0
c-0p80__money-uniform__income-biased__growth-preferential_debt__spend-high_income__topo-sw_k24,money-uniform__income-biased__growth-preferential_debt__spend-high_income__topo-sw_k24,0.8,120,uniform,biased,preferential_debt,high_income,0.02,0.4,sw_k24,sw,24,3,1.0,1.0,120.0,198641.3333333333,120.0,360,120.0,1.0,1.0,73.28055555555555,0.6106712962962964,76.0,82.0,87.41000000000003,91,65.45277777777778,7.8277777777777775,0.1068193017702134,0.8931806982297866,480.0,33.333333333333336,0.3444630631718657,0.916525311442725,24.0,0.55209176439273,0.0588959647702809
c-0p80__money-lognormal__income-biased__growth-preferential_debt__spend-high_income__topo-sw_k12,money-lognormal__income-biased__growth-preferential_debt__spend-high_income__topo-sw_k12,0.8,120,lognormal,biased,preferential_debt,high_income,0.02,0.4,sw_k12,sw,12,3,1.0,1.0,120.0,203212.66666666663,120.0,360,120.0,1.0,1.0,73.13333333333334,0.6094444444444445,75.0,81.0,85.0,86,66.49166666666666,6.641666666666667,0.0908158614402917,0.9091841385597084,480.0,24.33333333333333,0.5127810013510844,0.8924147780478812,12.0,0.5073055185555186,0.085398527742021
c-0p80__money-lognormal__income-biased__growth-random__spend-high_both__topo-complete,money-lognormal__income-biased__growth-random__spend-high_both__topo-complete,0.8,120,lognormal,biased,random,high_both,0.04,0.4,complete,complete,0,3,1.0,1.0,120.0,26868.0,120.0,360,120.0,1.0,1.0,71.68611111111112,0.5973842592592593,73.0,80.0,85.0,87,24.891666666666666,46.79444444444445,0.6527686286666409,0.3472313713333592,480.0,47.333333333333336,0.569507153231663,0.9876478926439592,119.0,1.0,0.0
c-0p70__money-uniform__income-biased__growth-preferential_debt__spend-high_both__topo-sw_k12,money-uniform__income-biased__growth-preferential_debt__spend-high_both__topo-sw_k12,0.7,120,uniform,biased,preferential_debt,high_both,0.04,0.4,sw_k12,sw,12,3,1.0,1.0,120.0,151680.66666666666,120.0,360,120.0,1.0,1.0,71.68055555555556,0.597337962962963,74.0,81.0,85.41000000000003,87,65.78888888888889,5.891666666666667,0.0821933733772524,0.9178066266227476,420.0,23.33333333333333,0.3484183618951169,0.8961955349538373,12.0,0.5191871323121323,0.0887996269349353
c-0p80__money-lognormal__income-biased__growth-preferential_debt__spend-high_both__topo-sw_k6,money-lognormal__income-biased__growth-preferential_debt__spend-high_both__topo-sw_k6,0.8,120,lognormal,biased,preferential_debt,high_both,0.04,0.4,sw_k6,sw,6,3,1.0,1.0,120.0,199444.0,120.0,360,120.0,1.0,1.0,71.53611111111111,0.5961342592592592,73.0,79.0,84.0,85,66.26944444444445,5.266666666666667,0.0736224905836213,0.9263775094163786,480.0,23.666666666666668,0.4991416618632007,0.8078989968277464,6.0,0.4447156084656085,0.1156854922350709
c-0p80__money-uniform__income-biased__growth-preferential_debt__spend-high_both__topo-er_k24,money-uniform__income-biased__growth-preferential_debt__spend-high_both__topo-er_k24,0.8,120,uniform,biased,preferential_debt,high_both,0.04,0.4,er_k24,er,24,3,1.0,1.0,120.0,203803.66666666663,120.0,360,120.0,1.0,1.0,71.125,0.5927083333333333,73.0,78.0,84.0,85,63.16944444444445,7.955555555555556,0.1118531536809216,0.8881468463190783,480.0,21.33333333333333,0.3526251562618082,0.8447264351640316,24.0,0.2018132775620061,0.1836954599176669
c-0p80__money-uniform__income-biased__growth-preferential_debt__spend-high_income__topo-er_k24,money-uniform__income-biased__growth-preferential_debt__spend-high_income__topo-er_k24,0.8,120,uniform,biased,preferential_debt,high_income,0.02,0.4,er_k24,er,24,3,1.0,1.0,120.0,197122.0,120.0,360,120.0,1.0,1.0,70.49444444444444,0.5874537037037038,72.5,78.0,83.0,84,62.925,7.569444444444445,0.1073764678067617,0.8926235321932382,480.0,18.666666666666668,0.3486939548157888,0.8940695542849295,24.0,0.1992995216340809,0.1764316365814051
c-0p80__money-lognormal__income-biased__growth-preferential_debt__spend-high_income__topo-er_k24,money-lognormal__income-biased__growth-preferential_debt__spend-high_income__topo-er_k24,0.8,120,lognormal,biased,preferential_debt,high_income,0.02,0.4,er_k24,er,24,3,1.0,1.0,120.0,207273.66666666663,120.0,360,120.0,1.0,1.0,70.04166666666667,0.5836805555555555,71.0,77.0,83.41000000000003,84,62.88055555555555,7.161111111111111,0.1022407297243704,0.8977592702756296,480.0,21.33333333333333,0.5258554218528643,0.892489455782607,24.0,0.1985305249070006,0.1783702628393476
c-0p80__money-lognormal__income-biased__growth-preferential_debt__spend-high_both__topo-er_k24,money-lognormal__income-biased__growth-preferential_debt__spend-high_both__topo-er_k24,0.8,120,lognormal,biased,preferential_debt,high_both,0.04,0.4,er_k24,er,24,3,1.0,1.0,120.0,215070.0,120.0,360,120.0,1.0,1.0,70.03888888888889,0.5836574074074075,72.0,77.10000000000002,82.0,85,62.575,7.463888888888889,0.1065677798048703,0.8934322201951297,480.0,21.666666666666668,0.4930736736630771,0.8505275526526105,24.0,0.2023894517566388,0.1744453689142685
c-0p70__money-lognormal__income-biased__growth-preferential_debt__spend-high_both__topo-sw_k12,money-lognormal__income-biased__growth-preferential_debt__spend-high_both__topo-sw_k12,0.7,120,lognormal,biased,preferential_debt,high_both,0.04,0.4,sw_k12,sw,12,3,1.0,1.0,120.0,150700.33333333334,120.0,360,120.0,1.0,1.0,70.0111111111111,0.5834259259259258,72.0,78.0,82.0,86,64.17777777777778,5.833333333333333,0.0833201079193778,0.9166798920806222,420.0,26.33333333333333,0.5119492939140786,0.8936711421706126,12.0,0.5284835226501894,0.082081554964609
c-0p80__money-lognormal__income-biased__growth-preferential_debt__spend-high_wealth__topo-sw_k24,money-lognormal__income-biased__growth-preferential_debt__spend-high_wealth__topo-sw_k24,0.8,120,lognormal,biased,preferential_debt,high_wealth,0.04,0.2,sw_k24,sw,24,3,1.0,1.0,120.0,97775.66666666669,120.0,360,120.0,1.0,1.0,69.65555555555555,0.5804629629629631,72.0,79.0,84.0,85,65.28611111111111,4.3694444444444445,0.0627293029191258,0.9372706970808742,480.0,21.666666666666668,0.5182399024030938,0.9405903332112376,24.0,0.5585570355035907,0.0622470823215095
c-0p80__money-lognormal__income-biased__growth-preferential_debt__spend-high_wealth__topo-sw_k12,money-lognormal__income-biased__growth-preferential_debt__spend-high_wealth__topo-sw_k12,0.8,120,lognormal,biased,preferential_debt,high_wealth,0.04,0.2,sw_k12,sw,12,3,1.0,1.0,120.0,94678.66666666669,120.0,360,120.0,1.0,1.0,68.88055555555556,0.5740046296296296,71.0,79.0,83.41000000000003,89,65.08333333333333,3.797222222222222,0.0551276364076299,0.94487236359237,480.0,24.0,0.4918891193721027,0.9111421222406224,12.0,0.5053246907413574,0.0956819352144888
c-0p70__money-uniform__income-biased__growth-preferential_debt__spend-high_income__topo-er_k24,money-uniform__income-biased__growth-preferential_debt__spend-high_income__topo-er_k24,0.7,120,uniform,biased,preferential_debt,high_income,0.02,0.4,er_k24,er,24,3,1.0,1.0,120.0,129902.33333333331,120.0,360,120.0,1.0,1.0,67.88055555555556,0.5656712962962963,71.0,76.0,79.41000000000003,85,62.07222222222222,5.808333333333334,0.0855669681221099,0.91443303187789,420.0,15.333333333333334,0.3575859664758317,0.9001571275274106,24.0,0.204666055833162,0.1789578650015186
c-0p70__money-uniform__income-biased__growth-preferential_debt__spend-high_income__topo-sw_k12,money-uniform__income-biased__growth-preferential_debt__spend-high_income__topo-sw_k12,0.7,120,uniform,biased,preferential_debt,high_income,0.02,0.4,sw_k12,sw,12,3,1.0,1.0,120.0,134979.33333333334,120.0,360,120.0,1.0,1.0,67.83333333333333,0.5652777777777778,70.0,76.0,79.41000000000003,83,62.90833333333333,4.925,0.0726044226044226,0.9273955773955774,420.0,17.0,0.3480113167742512,0.8937492757276028,12.0,0.5130102228018895,0.0887393643770162
c-0p70__money-lognormal__income-biased__growth-preferential_debt__spend-high_both__topo-er_k24,money-lognormal__income-biased__growth-preferential_debt__spend-high_both__topo-er_k24,0.7,120,lognormal,biased,preferential_debt,high_both,0.04,0.4,er_k24,er,24,3,1.0,1.0,120.0,158546.66666666666,120.0,360,120.0,1.0,1.0,67.49166666666666,0.5624305555555557,69.0,75.0,81.0,83,61.28333333333333,6.208333333333333,0.0919866650203728,0.9080133349796272,420.0,26.666666666666668,0.5257435110488291,0.9003850699356999,24.0,0.2041603224885554,0.1842695277197399
c-0p80__money-uniform__income-biased__growth-random__spend-high_both__topo-er_k24,money-uniform__income-biased__growth-random__spend-high_both__topo-er_k24,0.8,120,uniform,biased,random,high_both,0.04,0.4,er_k24,er,24,3,1.0,1.0,120.0,32572.666666666668,120.0,360,120.0,1.0,1.0,67.06111111111112,0.5588425925925926,69.0,76.0,80.0,83,30.072222222222223,36.98888888888889,0.5515698782205285,0.4484301217794714,480.0,103.33333333333331,0.3446360944019302,0.9785127234909642,24.0,0.2030712284217251,0.1755415224958586
c-0p70__money-lognormal__income-biased__growth-preferential_debt__spend-high_income__topo-sw_k6,money-lognormal__income-biased__growth-preferential_debt__spend-high_income__topo-sw_k6,0.7,120,lognormal,biased,preferential_debt,high_income,0.02,0.4,sw_k6,sw,6,3,1.0,1.0,120.0,133864.33333333334,120.0,360,120.0,1.0,1.0,66.95277777777778,0.5579398148148148,69.0,74.0,77.82000000000005,80,63.230555555555554,3.7222222222222223,0.0555947392440775,0.9444052607559223,420.0,20.0,0.521791287916135,0.8662854038783984,6.0,0.4704431216931218,0.1194069334173562
c-0p70__money-lognormal__income-biased__growth-preferential_debt__spend-high_income__topo-sw_k12,money-lognormal__income-biased__growth-preferential_debt__spend-high_income__topo-sw_k12,0.7,120,lognormal,biased,preferential_debt,high_income,0.02,0.4,sw_k12,sw,12,3,1.0,1.0,120.0,125172.66666666669,120.0,360,120.0,1.0,1.0,66.95,0.5579166666666666,69.0,77.0,82.41000000000003,86,61.825,5.125,0.0765496639283047,0.9234503360716952,420.0,25.33333333333333,0.4766680740971163,0.8984953145380743,12.0,0.5093155378572046,0.0916168828927644
c-0p80__money-lognormal__income-biased__growth-preferential_debt__spend-high_income__topo-sw_k6,money-lognormal__income-biased__growth-preferential_debt__spend-high_income__topo-sw_k6,0.8,120,lognormal,biased,preferential_debt,high_income,0.02,0.4,sw_k6,sw,6,3,1.0,1.0,120.0,201817.66666666663,120.0,360,120.0,1.0,1.0,66.56944444444444,0.5547453703703703,68.0,72.0,77.0,78,61.51111111111111,5.058333333333334,0.0759858126434383,0.9240141873565616,480.0,32.0,0.5073749148555653,0.8679491376387046,6.0,0.4412433862433862,0.1346344715680133
c-0p80__money-lognormal__income-biased__growth-preferential_debt__spend-baseline__topo-sw_k24,money-lognormal__income-biased__growth-preferential_debt__spend-baseline__topo-sw_k24,0.8,120,lognormal,biased,preferential_debt,baseline,0.02,0.2,sw_k24,sw,24,3,1.0,1.0,120.0,68698.66666666667,120.0,360,120.0,1.0,1.0,66.53611111111111,0.5544675925925926,69.0,77.0,83.0,87,62.91111111111111,3.625,0.0544816933160773,0.9455183066839228,480.0,23.33333333333333,0.5058325611251223,0.9425173233107434,24.0,0.5606821982559289,0.0607474256384459
c-0p80__money-lognormal__income-biased__growth-preferential_debt__spend-high_both__topo-er_k12,money-lognormal__income-biased__growth-preferential_debt__spend-high_both__topo-er_k12,0.8,120,lognormal,biased,preferential_debt,high_both,0.04,0.4,er_k12,er,12,3,1.0,1.0,120.0,196694.3333333333,120.0,360,120.0,1.0,1.0,66.13888888888889,0.5511574074074074,67.0,73.10000000000002,77.41000000000003,79,59.54166666666666,6.597222222222222,0.0997480050398992,0.9002519949601008,480.0,32.333333333333336,0.5042705525621727,0.7890474972928914,12.0,0.0990901351388125,0.2798900630102114
c-0p60__money-lognormal__income-biased__growth-preferential_debt__spend-high_both__topo-sw_k12,money-lognormal__income-biased__growth-preferential_debt__spend-high_both__topo-sw_k12,0.6,120,lognormal,biased,preferential_debt,high_both,0.04,0.4,sw_k12,sw,12,3,1.0,1.0,120.0,98394.33333333331,120.0,360,120.0,1.0,1.0,65.81388888888888,0.5484490740740741,69.0,74.0,77.41000000000003,83,61.87777777777778,3.936111111111111,0.0598066939602414,0.9401933060397586,360.0,20.666666666666668,0.5270505280422492,0.9005028451421403,12.0,0.5267208563041895,0.0922755948254808
c-0p70__money-lognormal__income-biased__growth-preferential_debt__spend-high_income__topo-er_k24,money-lognormal__income-biased__growth-preferential_debt__spend-high_income__topo-er_k24,0.7,120,lognormal,biased,preferential_debt,high_income,0.02,0.4,er_k24,er,24,3,1.0,1.0,120.0,130575.66666666669,120.0,360,120.0,1.0,1.0,65.24166666666666,0.5436805555555555,67.0,73.0,77.0,78,59.36666666666667,5.875,0.090049814791161,0.909950185208839,420.0,27.666666666666668,0.5082873384372345,0.9134272360296668,24.0,0.2009981627591942,0.1784663981730635
c-0p70__money-lognormal__income-biased__growth-preferential_debt__spend-high_both__topo-sw_k6,money-lognormal__income-biased__growth-preferential_debt__spend-high_both__topo-sw_k6,0.7,120,lognormal,biased,preferential_debt,high_both,0.04,0.4,sw_k6,sw,6,3,1.0,1.0,120.0,161100.0,120.0,360,120.0,1.0,1.0,64.90833333333333,0.5409027777777777,66.0,72.0,75.0,80,60.73333333333333,4.175,0.0643214790088586,0.9356785209911412,420.0,31.0,0.5317725639850779,0.8735099900109672,6.0,0.4451432980599648,0.1284466079836261
c-0p80__money-uniform__income-biased__growth-preferential_debt__spend-high_income__topo-er_k12,money-uniform__income-biased__growth-preferential_debt__spend-high_income__topo-er_k12,0.8,120,uniform,biased,preferential_debt,high_income,0.02,0.4,er_k12,er,12,3,1.0,1.0,120.0,195241.0,120.0,360,120.0,1.0,1.0,64.81388888888888,0.5401157407407408,66.0,72.0,77.0,79,58.480555555555554,6.333333333333333,0.097715681652595,0.902284318347405,480.0,39.66666666666666,0.3488363582286416,0.853133843484418,12.0,0.0996490751966757,0.2593660760278236
c-0p80__money-lognormal__income-biased__growth-random__spend-high_both__topo-sw_k24,money-lognormal__income-biased__growth-random__spend-high_both__topo-sw_k24,0.8,120,lognormal,biased,random,high_both,0.04,0.4,sw_k24,sw,24,3,1.0,1.0,120.0,24463.33333333333,120.0,360,120.0,1.0,1.0,64.78055555555555,0.5398379629629629,65.0,73.0,77.82000000000005,82,23.75,41.03055555555556,0.6333776424681618,0.3666223575318382,480.0,28.33333333333333,0.5061337121959756,0.98628482140914,24.0,0.55205576261872,0.0646277397061926
c-0p80__money-uniform__income-biased__growth-preferential_debt__spend-baseline__topo-sw_k24,money-uniform__income-biased__growth-preferential_debt__spend-baseline__topo-sw_k24,0.8,120,uniform,biased,preferential_debt,baseline,0.02,0.2,sw_k24,sw,24,3,1.0,1.0,120.0,73363.33333333333,120.0,360,120.0,1.0,1.0,64.41666666666667,0.5368055555555555,69.0,75.0,79.0,82,60.91666666666666,3.5,0.0543337645536869,0.9456662354463132,480.0,21.33333333333333,0.3468153686358968,0.9416393219725512,24.0,0.5587909646690475,0.0617204865794387
c-0p80__money-lognormal__income-biased__growth-preferential_debt__spend-high_income__topo-er_k12,money-lognormal__income-biased__growth-preferential_debt__spend-high_income__topo-er_k12,0.8,120,lognormal,biased,preferential_debt,high_income,0.02,0.4,er_k12,er,12,3,1.0,1.0,120.0,201087.66666666663,120.0,360,120.0,1.0,1.0,64.2611111111111,0.5355092592592592,65.0,71.0,74.41000000000003,77,58.144444444444446,6.116666666666666,0.0951845768133483,0.9048154231866516,480.0,23.33333333333333,0.5084791998559456,0.8468302765418535,12.0,0.0992711425297405,0.2764385359547352
c-0p80__money-lognormal__income-biased__growth-random__spend-high_both__topo-ba_k24,money-lognormal__income-biased__growth-random__spend-high_both__topo-ba_k24,0.8,120,lognormal,biased,random,high_both,0.04,0.4,ba_k24,ba,24,3,1.0,1.0,120.0,26271.33333333333,120.0,360,120.0,1.0,1.0,64.11944444444444,0.5343287037037037,65.0,72.0,78.41000000000003,81,25.28333333333333,38.83611111111111,0.605683836589698,0.3943161634103019,480.0,34.0,0.5216007888163842,0.9835920052213408,24.0,0.2790205645980496,0.4467310316336096
c-0p80__money-lognormal__income-biased__growth-preferential_debt__spend-high_wealth__topo-er_k24,money-lognormal__income-biased__growth-preferential_debt__spend-high_wealth__topo-er_k24,0.8,120,lognormal,biased,preferential_debt,high_wealth,0.04,0.2,er_k24,er,24,3,1.0,1.0,120.0,90032.0,120.0,360,120.0,1.0,1.0,64.06666666666666,0.5338888888888889,66.0,72.0,76.0,78,59.63333333333333,4.433333333333334,0.0691987513007284,0.9308012486992716,480.0,20.0,0.5287280618708946,0.9179933347276292,24.0,0.201368434610655,0.1790702950567793
c-0p60__money-lognormal__income-biased__growth-preferential_debt__spend-high_both__topo-sw_k24,money-lognormal__income-biased__growth-preferential_debt__spend-high_both__topo-sw_k24,0.6,120,lognormal,biased,preferential_debt,high_both,0.04,0.4,sw_k24,sw,24,3,1.0,1.0,120.0,83763.66666666667,120.0,360,120.0,1.0,1.0,64.025,0.5335416666666667,68.0,78.0,82.0,87,58.84166666666667,5.183333333333334,0.0809579591305479,0.919042040869452,360.0,31.666666666666668,0.487333991440414,0.9273976682219812,24.0,0.5449760775908316,0.0672436730982259
c-0p60__money-lognormal__income-biased__growth-preferential_debt__spend-high_both__topo-er_k24,money-lognormal__income-biased__growth-preferential_debt__spend-high_both__topo-er_k24,0.6,120,lognormal,biased,preferential_debt,high_both,0.04,0.4,er_k24,er,24,3,1.0,1.0,120.0,100450.66666666669,120.0,360,120.0,1.0,1.0,63.94166666666667,0.5328472222222221,66.0,73.0,78.0,82,59.13611111111111,4.805555555555555,0.0751553064859463,0.9248446935140536,360.0,20.33333333333333,0.5555751856744978,0.9160142991770716,24.0,0.2035275194513927,0.1819461050242485
c-0p80__money-lognormal__income-biased__growth-random__spend-high_both__topo-er_k24,money-lognormal__income-biased__growth-random__spend-high_both__topo-er_k24,0.8,120,lognormal,biased,random,high_both,0.04,0.4,er_k24,er,24,3,1.0,1.0,120.0,25087.33333333333,120.0,360,120.0,1.0,1.0,63.92777777777778,0.5327314814814815,65.0,71.10000000000002,77.0,82,24.36111111111111,39.56666666666667,0.6189276092813071,0.381072390718693,480.0,90.0,0.4845531539809249,0.9876749218850815,24.0,0.2002121186306581,0.1848293515875556
c-0p70__money-uniform__income-biased__growth-preferential_debt__spend-high_income__topo-sw_k6,money-uniform__income-biased__growth-preferential_debt__spend-high_income__topo-sw_k6,0.7,120,uniform,biased,preferential_debt,high_income,0.02,0.4,sw_k6,sw,6,3,1.0,1.0,120.0,137555.33333333334,120.0,360,120.0,1.0,1.0,63.90833333333333,0.5325694444444444,66.0,72.0,76.41000000000003,81,60.266666666666666,3.6416666666666666,0.0569826574520798,0.9430173425479202,420.0,28.0,0.334168941310971,0.8707297037267621,6.0,0.4497619047619047,0.124681426052172
c-0p80__money-lognormal__income-biased__growth-preferential_debt__spend-high_wealth__topo-sw_k6,money-lognormal__income-biased__growth-preferential_debt__spend-high_wealth__topo-sw_k6,0.8,120,lognormal,biased,preferential_debt,high_wealth,0.04,0.2,sw_k6,sw,6,3,1.0,1.0,120.0,92776.33333333331,120.0,360,120.0,1.0,1.0,63.769444444444446,0.5314120370370371,65.0,71.0,74.41000000000003,76,60.81944444444444,2.95,0.0462603998780328,0.9537396001219672,480.0,17.666666666666668,0.5302047503070836,0.8749277123866118,6.0,0.4707407407407409,0.1150564308256628
c-0p80__money-lognormal__income-biased__growth-preferential_debt__spend-baseline__topo-sw_k12,money-lognormal__income-biased__growth-preferential_debt__spend-baseline__topo-sw_k12,0.8,120,lognormal,biased,preferential_debt,baseline,0.02,0.2,sw_k12,sw,12,3,1.0,1.0,120.0,74323.66666666667,120.0,360,120.0,1.0,1.0,63.75833333333333,0.5313194444444445,66.0,72.0,76.0,80,60.87222222222222,2.886111111111111,0.0452664139763865,0.9547335860236136,480.0,14.333333333333334,0.5335143484338075,0.91126968620164,12.0,0.522079032079032,0.0906464099860284
c-0p80__money-lognormal__income-biased__growth-preferential_debt__spend-high_income__topo-ba_k24,money-lognormal__income-biased__growth-preferential_debt__spend-high_income__topo-ba_k24,0.8,120,lognormal,biased,preferential_debt,high_income,0.02,0.4,ba_k24,ba,24,3,1.0,1.0,120.0,204407.0,120.0,360,120.0,1.0,1.0,63.452777777777776,0.5287731481481482,64.0,71.0,75.0,78,54.85,8.602777777777778,0.1355776386639233,0.8644223613360767,480.0,35.333333333333336,0.5416721384948148,0.8428312456399828,24.0,0.2808979860052751,0.4498150876517529
c-0p80__money-pareto__income-biased__growth-random__spend-high_both__topo-er_k12,money-pareto__income-biased__growth-random__spend-high_both__topo-er_k12,0.8,120,pareto,biased,random,high_both,0.04,0.4,er_k12,er,12,3,1.0,1.0,120.0,26251.33333333333,119.0,357,119.0,0.9916666666666668,1.0,63.09803921568628,0.5258169934640522,64.0,71.0,78.88,82,23.63305322128852,39.46498599439776,0.6254550297434076,0.3745449702565924,1127.6666666666667,12.0,0.2979951618954715,0.9864901852795352,12.0,0.106163653741053,0.2689885496029717
c-0p60__money-lognormal__income-biased__growth-preferential_debt__spend-high_income__topo-sw_k12,money-lognormal__income-biased__growth-preferential_debt__spend-high_income__topo-sw_k12,0.6,120,lognormal,biased,preferential_debt,high_income,0.02,0.4,sw_k12,sw,12,3,1.0,1.0,120.0,69179.33333333333,120.0,360,120.0,1.0,1.0,62.891666666666666,0.5240972222222222,66.0,72.0,77.0,79,59.64722222222223,3.2444444444444445,0.051587827392783,0.948412172607217,360.0,25.33333333333333,0.5215587418908735,0.9071926669135352,12.0,0.5094067044067044,0.0922801886521472
c-0p80__money-lognormal__income-biased__growth-preferential_debt__spend-high_both__topo-ba_k24,money-lognormal__income-biased__growth-preferential_debt__spend-high_both__topo-ba_k24,0.8,120,lognormal,biased,preferential_debt,high_both,0.04,0.4,ba_k24,ba,24,3,1.0,1.0,120.0,220971.66666666663,120.0,360,120.0,1.0,1.0,62.74444444444445,0.5228703703703704,64.0,70.10000000000002,74.41000000000003,76,53.48888888888889,9.255555555555556,0.147511953249513,0.852488046750487,480.0,40.0,0.5013047576200992,0.8104275722714164,24.0,0.2825802080643866,0.4577610442052187
c-0p70__money-lognormal__income-biased__growth-preferential_debt__spend-high_income__topo-er_k12,money-lognormal__income-biased__growth-preferential_debt__spend-high_income__topo-er_k12,0.7,120,lognormal,biased,preferential_debt,high_income,0.02,0.4,er_k12,er,12,3,1.0,1.0,120.0,138599.33333333334,120.0,360,120.0,1.0,1.0,62.21666666666667,0.5184722222222221,64.0,70.0,73.0,77,57.84166666666667,4.375,0.0703187784623627,0.9296812215376372,420.0,20.0,0.5222787131490706,0.8849201747353542,12.0,0.100197495358099,0.2627403709977848
c-0p60__money-lognormal__income-biased__growth-preferential_debt__spend-high_income__topo-sw_k24,money-lognormal__income-biased__growth-preferential_debt__spend-high_income__topo-sw_k24,0.6,120,lognormal,biased,preferential_debt,high_income,0.02,0.4,sw_k24,sw,24,3,1.0,1.0,120.0,70199.66666666667,120.0,360,120.0,1.0,1.0,62.09722222222222,0.5174768518518518,66.0,74.0,78.0,81,58.275,3.8222222222222224,0.0615522254529188,0.9384477745470812,360.0,23.33333333333333,0.509618564439997,0.9371640870821768,24.0,0.5399474648312138,0.0616227979211272
c-0p80__money-uniform__income-biased__growth-preferential_debt__spend-baseline__topo-sw_k6,money-uniform__income-biased__growth-preferential_debt__spend-baseline__topo-sw_k6,0.8,120,uniform,biased,preferential_debt,baseline,0.02,0.2,sw_k6,sw,6,3,1.0,1.0,120.0,70633.0,120.0,360,120.0,1.0,1.0,61.78888888888889,0.5149074074074074,65.0,70.0,74.0,75,59.41944444444445,2.3694444444444445,0.0383474195288617,0.9616525804711384,480.0,27.0,0.3444790357762635,0.8459699765034981,6.0,0.443829365079365,0.126674554147758
c-0p70__money-lognormal__income-biased__growth-preferential_debt__spend-high_both__topo-er_k12,money-lognormal__income-biased__growth-preferential_debt__spend-high_both__topo-er_k12,0.7,120,lognormal,biased,preferential_debt,high_both,0.04,0.4,er_k12,er,12,3,1.0,1.0,120.0,153658.0,120.0,360,120.0,1.0,1.0,61.53055555555556,0.5127546296296296,63.0,69.0,74.0,79,56.14722222222223,5.383333333333334,0.0874904067536454,0.9125095932463546,420.0,28.666666666666668,0.5406169373698725,0.8720664649253301,12.0,0.1032457699917709,0.2561290759464398
c-0p70__money-lognormal__income-biased__growth-preferential_debt__spend-high_wealth__topo-sw_k24,money-lognormal__income-biased__growth-preferential_debt__spend-high_wealth__topo-sw_k24,0.7,120,lognormal,biased,preferential_debt,high_wealth,0.04,0.2,sw_k24,sw,24,3,1.0,1.0,120.0,63733.333333333336,120.0,360,120.0,1.0,1.0,61.31111111111111,0.5109259259259259,66.0,73.0,78.41000000000003,80,58.33055555555556,2.980555555555556,0.0486136281261326,0.9513863718738672,420.0,28.33333333333333,0.5506296729716008,0.943044415572522,24.0,0.5474002322315887,0.0640838815867187
c-0p80__money-lognormal__income-biased__growth-random__spend-high_both__topo-er_k12,money-lognormal__income-biased__growth-random__spend-high_both__topo-er_k12,0.8,120,lognormal,biased,random,high_both,0.04,0.4,er_k12,er,12,3,1.0,1.0,120.0,25244.33333333333,120.0,360,120.0,1.0,1.0,61.21111111111111,0.5100925925925925,62.0,70.0,74.0,77,25.794444444444444,35.416666666666664,0.5785986567435106,0.4214013432564893,480.0,194.3333333333333,0.4813876956225917,0.9781836462568968,12.0,0.1002372421813406,0.2751661449752332
c-0p80__money-pareto__income-biased__growth-random__spend-high_both__topo-sw_k12,money-pareto__income-biased__growth-random__spend-high_both__topo-sw_k12,0.8,120,pareto,biased,random,high_both,0.04,0.4,sw_k12,sw,12,3,1.0,1.0,120.0,26722.33333333333,119.0,357,119.0,0.9916666666666668,1.0,61.19327731092437,0.5099439775910365,62.0,70.0,74.44,77,23.65266106442577,37.5406162464986,0.6134761512405017,0.3865238487594983,1134.0,115.66666666666669,0.3050290541265959,0.9851172296969156,12.0,0.5007986149652818,0.089666296756607
c-0p70__money-lognormal__income-biased__growth-preferential_debt__spend-high_both__topo-ba_k24,money-lognormal__income-biased__growth-preferential_debt__spend-high_both__topo-ba_k24,0.7,120,lognormal,biased,preferential_debt,high_both,0.04,0.4,ba_k24,ba,24,3,1.0,1.0,120.0,147180.0,120.0,360,120.0,1.0,1.0,61.172222222222224,0.5097685185185185,62.0,69.0,74.0,76,54.12222222222222,7.05,0.1152483879756607,0.8847516120243393,420.0,24.33333333333333,0.5255490024808522,0.8609382417927121,24.0,0.2817310828905783,0.4564898074288573
c-0p70__money-uniform__income-biased__growth-preferential_debt__spend-high_both__topo-er_k12,money-uniform__income-biased__growth-preferential_debt__spend-high_both__topo-er_k12,0.7,120,uniform,biased,preferential_debt,high_both,0.04,0.4,er_k12,er,12,3,1.0,1.0,120.0,154822.0,120.0,360,120.0,1.0,1.0,61.083333333333336,0.5090277777777777,63.0,68.0,72.0,74,55.91666666666666,5.166666666666667,0.0845839017735334,0.9154160982264664,420.0,24.666666666666668,0.3250096631754156,0.8442653591864079,12.0,0.099069546157815,0.2791132077804996
c-0p80__money-lognormal__income-biased__growth-preferential_debt__spend-baseline__topo-er_k24,money-lognormal__income-biased__growth-preferential_debt__spend-baseline__topo-er_k24,0.8,120,lognormal,biased,preferential_debt,baseline,0.02,0.2,er_k24,er,24,3,1.0,1.0,120.0,68841.33333333333,120.0,360,120.0,1.0,1.0,60.89722222222223,0.5074768518518519,63.0,69.0,74.41000000000003,77,57.31388888888889,3.583333333333333,0.0588423117274095,0.9411576882725904,480.0,13.333333333333334,0.4998924703588161,0.9126147746967748,24.0,0.2044210191049611,0.1956752252847177
c-0p80__money-uniform__income-biased__growth-preferential_debt__spend-high_income__topo-ba_k24,money-uniform__income-biased__growth-preferential_debt__spend-high_income__topo-ba_k24,0.8,120,uniform,biased,preferential_debt,high_income,0.02,0.4,ba_k24,ba,24,3,1.0,1.0,120.0,190608.3333333333,120.0,360,120.0,1.0,1.0,60.78055555555556,0.5065046296296296,62.0,68.0,73.0,75,52.15277777777778,8.627777777777778,0.1419496366710845,0.8580503633289155,480.0,28.33333333333333,0.3450520177021987,0.8337496118340392,24.0,0.2913424846214684,0.4706428796638455
c-0p60__money-uniform__income-biased__growth-preferential_debt__spend-high_both__topo-er_k24,money-uniform__income-biased__growth-preferential_debt__spend-high_both__topo-er_k24,0.6,120,uniform,biased,preferential_debt,high_both,0.04,0.4,er_k24,er,24,3,1.0,1.0,120.0,89190.66666666667,120.0,360,120.0,1.0,1.0,60.516666666666666,0.5043055555555556,64.0,69.0,72.41000000000003,75,55.91111111111111,4.605555555555555,0.0761039199485908,0.9238960800514092,360.0,23.666666666666668,0.3683669287147756,0.896546186792043,24.0,0.202272260639463,0.1745564687970897
c-0p70__money-lognormal__income-biased__growth-preferential_debt__spend-high_income__topo-ba_k24,money-lognormal__income-biased__growth-preferential_debt__spend-high_income__topo-ba_k24,0.7,120,lognormal,biased,preferential_debt,high_income,0.02,0.4,ba_k24,ba,24,3,1.0,1.0,120.0,129972.0,120.0,360,120.0,1.0,1.0,59.925,0.499375,62.0,67.0,73.0,76,53.49166666666667,6.433333333333334,0.1073564177444027,0.8926435822555973,420.0,31.666666666666668,0.4875907218569015,0.8753351061154953,24.0,0.2774034001345338,0.4438881237230243
c-0p60__money-lognormal__income-biased__growth-preferential_debt__spend-high_income__topo-er_k24,money-lognormal__income-biased__growth-preferential_debt__spend-high_income__topo-er_k24,0.6,120,lognormal,biased,preferential_debt,high_income,0.02,0.4,er_k24,er,24,3,1.0,1.0,120.0,78431.0,120.0,360,120.0,1.0,1.0,59.86944444444445,0.498912037037037,64.0,70.0,74.41000000000003,78,56.46666666666667,3.4027777777777777,0.0568366352711919,0.943163364728808,360.0,30.0,0.5269757961593946,0.9228833918069674,24.0,0.2039979193369183,0.1663685437001529
c-0p80__money-uniform__income-biased__growth-preferential_debt__spend-high_income__topo-er_k6,money-uniform__income-biased__growth-preferential_debt__spend-high_income__topo-er_k6,0.8,120,uniform,biased,preferential_debt,high_income,0.02,0.4,er_k6,er,6,3,1.0,1.0,120.0,211153.3333333333,120.0,360,120.0,1.0,1.0,59.56111111111111,0.4963425925925926,61.0,66.0,69.41000000000003,72,55.375,4.186111111111111,0.0702826228896558,0.9297173771103442,480.0,23.33333333333333,0.3197650000910056,0.780114547968734,6.0,0.0492752771919438,0.3936617991009351
c-0p80__money-uniform__income-biased__growth-random__spend-high_both__topo-ba_k12,money-uniform__income-biased__growth-random__spend-high_both__topo-ba_k12,0.8,120,uniform,biased,random,high_both,0.04,0.4,ba_k12,ba,12,3,1.0,1.0,120.0,30874.0,120.0,360,120.0,1.0,1.0,59.54444444444445,0.4962037037037037,60.0,68.0,72.41000000000003,76,28.819444444444443,30.725,0.5160011196118679,0.4839988803881321,480.0,59.66666666666666,0.3497191228934493,0.973446963246657,12.0,0.1833455626030916,0.6144547512412136
c-0p80__money-lognormal__income-biased__growth-preferential_debt__spend-high_wealth__topo-ba_k24,money-lognormal__income-biased__growth-preferential_debt__spend-high_wealth__topo-ba_k24,0.8,120,lognormal,biased,preferential_debt,high_wealth,0.04,0.2,ba_k24,ba,24,3,1.0,1.0,120.0,90572.33333333331,120.0,360,120.0,1.0,1.0,59.43333333333333,0.4952777777777777,61.0,67.0,71.0,72,54.84444444444444,4.588888888888889,0.0772106935875864,0.9227893064124136,480.0,23.0,0.4978091481293895,0.8822164374524322,24.0,0.2853851736783548,0.4601058504639384
c-0p70__money-uniform__income-biased__growth-random__spend-high_both__topo-ba_k24,money-uniform__income-biased__growth-random__spend-high_both__topo-ba_k24,0.7,120,uniform,biased,random,high_both,0.04,0.4,ba_k24,ba,24,3,1.0,1.0,120.0,27069.33333333333,120.0,360,120.0,1.0,1.0,59.40555555555556,0.4950462962962962,60.5,67.10000000000002,73.0,75,30.05555555555556,29.35,0.4940615355840269,0.5059384644159731,420.0,114.33333333333331,0.3520826159398717,0.9742761438000702,24.0,0.2883584085312841,0.4601880630176966
c-0p80__money-lognormal__income-biased__growth-random__spend-high_wealth__topo-complete,money-lognormal__income-biased__growth-random__spend-high_wealth__topo-complete,0.8,120,lognormal,biased,random,high_wealth,0.04,0.2,complete,complete,0,3,1.0,1.0,120.0,19085.666666666668,120.0,360,120.0,1.0,1.0,59.266666666666666,0.4938888888888888,60.0,67.0,73.41000000000003,81,24.272222222222226,34.99444444444445,0.5904574428196475,0.4095425571803524,480.0,70.66666666666667,0.5216081728002808,0.9848142087945684,119.0,1.0,0.0
c-0p80__money-lognormal__income-biased__growth-random__spend-high_both__topo-sw_k12,money-lognormal__income-biased__growth-random__spend-high_both__topo-sw_k12,0.8,120,lognormal,biased,random,high_both,0.04,0.4,sw_k12,sw,12,3,1.0,1.0,120.0,23866.0,120.0,360,120.0,1.0,1.0,58.458333333333336,0.4871527777777777,59.0,67.0,72.82000000000005,81,22.15,36.30833333333333,0.6210976478973628,0.3789023521026372,480.0,13.666666666666666,0.5144843601992031,0.9899775469442496,12.0,0.4913737034570366,0.0923850904891568
c-0p70__money-lognormal__income-biased__growth-preferential_debt__spend-high_wealth__topo-sw_k12,money-lognormal__income-biased__growth-preferential_debt__spend-high_wealth__topo-sw_k12,0.7,120,lognormal,biased,preferential_debt,high_wealth,0.04,0.2,sw_k12,sw,12,3,1.0,1.0,120.0,50836.333333333336,120.0,360,120.0,1.0,1.0,58.2,0.485,60.5,67.0,74.0,76,55.227777777777774,2.9722222222222223,0.0510691103474608,0.9489308896525392,420.0,23.0,0.5143144346502996,0.9046338205813644,12.0,0.5097996602163269,0.08832141352332
c-0p80__money-lognormal__income-biased__growth-preferential_debt__spend-baseline__topo-sw_k6,money-lognormal__income-biased__growth-preferential_debt__spend-baseline__topo-sw_k6,0.8,120,lognormal,biased,preferential_debt,baseline,0.02,0.2,sw_k6,sw,6,3,1.0,1.0,120.0,64979.0,120.0,360,120.0,1.0,1.0,58.19722222222222,0.4849768518518518,59.0,65.0,68.0,70,55.87222222222222,2.325,0.0399503603646603,0.9600496396353396,480.0,25.666666666666668,0.4945833019735626,0.8656155460449103,6.0,0.4498544973544975,0.1203200560215775
c-0p60__money-lognormal__income-biased__growth-preferential_debt__spend-high_both__topo-er_k12,money-lognormal__income-biased__growth-preferential_debt__spend-high_both__topo-er_k12,0.6,120,lognormal,biased,preferential_debt,high_both,0.04,0.4,er_k12,er,12,3,1.0,1.0,120.0,85685.0,120.0,360,120.0,1.0,1.0,58.025,0.4835416666666666,60.0,65.10000000000002,69.41000000000003,72,54.12777777777778,3.897222222222222,0.0671645363588491,0.9328354636411508,360.0,23.666666666666668,0.5017621284695346,0.8590572299590459,12.0,0.1008118167459935,0.2758374611351551
c-0p80__money-lognormal__income-biased__growth-random__spend-high_both__topo-ba_k12,money-lognormal__income-biased__growth-random__spend-high_both__topo-ba_k12,0.8,120,lognormal,biased,random,high_both,0.04,0.4,ba_k12,ba,12,3,1.0,1.0,120.0,26877.33333333333,120.0,360,120.0,1.0,1.0,57.71666666666667,0.4809722222222221,58.0,66.0,70.0,75,24.325,33.391666666666666,0.5785446144961016,0.4214553855038983,480.0,114.33333333333331,0.5052637097069549,0.9797592161994216,12.0,0.1948929721056856,0.6556772219803312
c-0p80__money-lognormal__income-biased__growth-random__spend-high_both__topo-er_k6,money-lognormal__income-biased__growth-random__spend-high_both__topo-er_k6,0.8,120,lognormal,biased,random,high_both,0.04,0.4,er_k6,er,6,3,1.0,1.0,120.0,27931.666666666668,120.0,360,120.0,1.0,1.0,57.63055555555555,0.4802546296296296,58.0,66.0,70.0,75,25.016666666666666,32.61388888888889,0.565913144069022,0.4340868559309779,480.0,26.33333333333333,0.5113342269112048,0.9845250193742804,6.0,0.0549897170730503,0.3601415206903985
c-0p70__money-lognormal__income-biased__growth-preferential_debt__spend-high_wealth__topo-er_k24,money-lognormal__income-biased__growth-preferential_debt__spend-high_wealth__topo-er_k24,0.7,120,lognormal,biased,preferential_debt,high_wealth,0.04,0.2,er_k24,er,24,3,1.0,1.0,120.0,63432.66666666666,120.0,360,120.0,1.0,1.0,57.34722222222222,0.4778935185185186,61.0,67.0,72.0,77,54.53888888888889,2.808333333333333,0.0489706950835553,0.9510293049164448,420.0,22.33333333333333,0.5293292688642839,0.910563908158128,24.0,0.2036167053889255,0.1909510152515543
c-0p70__money-lognormal__income-biased__growth-random__spend-high_both__topo-er_k12,money-lognormal__income-biased__growth-random__spend-high_both__topo-er_k12,0.7,120,lognormal,biased,random,high_both,0.04,0.4,er_k12,er,12,3,1.0,1.0,120.0,21394.33333333333,120.0,360,120.0,1.0,1.0,57.08888888888889,0.4757407407407408,57.0,66.0,73.0,78,24.808333333333334,32.28055555555556,0.5654437524328533,0.4345562475671467,420.0,119.33333333333331,0.5217884244721838,0.9788406413005716,12.0,0.1025044331552328,0.2771247554550505
c-0p80__money-lognormal__income-biased__growth-preferential_debt__spend-baseline__topo-ba_k24,money-lognormal__income-biased__growth-preferential_debt__spend-baseline__topo-ba_k24,0.8,120,lognormal,biased,preferential_debt,baseline,0.02,0.2,ba_k24,ba,24,3,1.0,1.0,120.0,72333.0,120.0,360,120.0,1.0,1.0,57.03611111111111,0.475300925925926,59.0,65.0,69.0,73,53.44722222222222,3.588888888888889,0.0629230994009643,0.9370769005990356,480.0,25.666666666666668,0.5009251982657901,0.9016593286137728,24.0,0.2729295404319251,0.4365148111985841
c-0p80__money-lognormal__income-biased__growth-preferential_debt__spend-baseline__topo-er_k12,money-lognormal__income-biased__growth-preferential_debt__spend-baseline__topo-er_k12,0.8,120,lognormal,biased,preferential_debt,baseline,0.02,0.2,er_k12,er,12,3,1.0,1.0,120.0,67849.0,120.0,360,120.0,1.0,1.0,56.605555555555554,0.4717129629629629,58.0,65.0,69.0,73,53.675,2.930555555555556,0.0517715183040533,0.9482284816959466,480.0,20.33333333333333,0.4970510931734898,0.8509609119040755,12.0,0.1011184678515689,0.2741630386330947
c-0p70__money-lognormal__income-biased__growth-preferential_debt__spend-high_wealth__topo-sw_k6,money-lognormal__income-biased__growth-preferential_debt__spend-high_wealth__topo-sw_k6,0.7,120,lognormal,biased,preferential_debt,high_wealth,0.04,0.2,sw_k6,sw,6,3,1.0,1.0,120.0,58184.333333333336,120.0,360,120.0,1.0,1.0,56.50833333333333,0.4709027777777777,59.0,64.0,70.41000000000003,72,54.480555555555554,2.0277777777777777,0.0358845794622228,0.9641154205377772,420.0,41.66666666666666,0.5101729607293243,0.8623622156551178,6.0,0.4555709876543212,0.118225284923452
c-0p70__money-lognormal__income-biased__growth-random__spend-high_both__topo-ba_k24,money-lognormal__income-biased__growth-random__spend-high_both__topo-ba_k24,0.7,120,lognormal,biased,random,high_both,0.04,0.4,ba_k24,ba,24,3,1.0,1.0,120.0,21878.33333333333,120.0,360,120.0,1.0,1.0,56.49722222222222,0.4708101851851852,57.0,64.0,69.0,71,25.06388888888889,31.433333333333334,0.5563695363587197,0.4436304636412803,420.0,107.66666666666669,0.4876345004154281,0.9794038156753992,24.0,0.2810109829707686,0.4510122070719733
c-0p80__money-lognormal__income-biased__growth-preferential_debt__spend-high_wealth__topo-er_k6,money-lognormal__income-biased__growth-preferential_debt__spend-high_wealth__topo-er_k6,0.8,120,lognormal,biased,preferential_debt,high_wealth,0.04,0.2,er_k6,er,6,3,1.0,1.0,120.0,104388.33333333331,120.0,360,120.0,1.0,1.0,56.44166666666667,0.4703472222222222,58.0,63.0,67.0,68,54.175,2.2666666666666666,0.0401594566661745,0.9598405433338256,480.0,22.33333333333333,0.5354979574068536,0.8205099051607526,6.0,0.0492822301155634,0.3913723517232464
c-0p70__money-lognormal__income-biased__growth-preferential_debt__spend-high_income__topo-er_k6,money-lognormal__income-biased__growth-preferential_debt__spend-high_income__topo-er_k6,0.7,120,lognormal,biased,preferential_debt,high_income,0.02,0.4,er_k6,er,6,3,1.0,1.0,120.0,131623.66666666666,120.0,360,120.0,1.0,1.0,55.91111111111111,0.4659259259259259,57.0,64.0,68.0,72,52.605555555555554,3.305555555555556,0.0591216216216216,0.9408783783783784,420.0,20.0,0.5090454600243377,0.7999189005281867,6.0,0.0407366090699424,0.3996388414724346
c-0p80__money-uniform__income-biased__growth-random__spend-high_income__topo-complete,money-uniform__income-biased__growth-random__spend-high_income__topo-complete,0.8,120,uniform,biased,random,high_income,0.02,0.4,complete,complete,0,3,1.0,1.0,120.0,22491.33333333333,120.0,360,120.0,1.0,1.0,55.74166666666667,0.4645138888888889,56.5,64.0,68.0,70,27.258333333333333,28.48333333333333,0.5109881895649574,0.4890118104350426,480.0,158.66666666666666,0.3492248055447841,0.9700660301404582,119.0,1.0,0.0
c-0p70__money-lognormal__income-biased__growth-random__spend-high_wealth__topo-complete,money-lognormal__income-biased__growth-random__spend-high_wealth__topo-complete,0.7,120,lognormal,biased,random,high_wealth,0.04,0.2,complete,complete,0,3,1.0,1.0,120.0,17150.0,120.0,360,120.0,1.0,1.0,55.7,0.4641666666666666,57.0,65.0,68.41000000000003,70,24.663888888888888,31.03611111111111,0.5572012766806304,0.4427987233193696,420.0,52.0,0.5373248266915396,0.9813609929758824,119.0,1.0,0.0
c-0p80__money-lognormal__income-biased__growth-random__spend-high_both__topo-sw_k6,money-lognormal__income-biased__growth-random__spend-high_both__topo-sw_k6,0.8,120,lognormal,biased,random,high_both,0.04,0.4,sw_k6,sw,6,3,1.0,1.0,120.0,28024.33333333333,120.0,360,120.0,1.0,1.0,55.3,0.4608333333333334,56.0,66.10000000000002,73.41000000000003,80,23.022222222222226,32.27777777777778,0.5836849507735584,0.4163150492264416,480.0,37.66666666666666,0.5455645716072391,0.9848219464464788,6.0,0.4575529100529101,0.1116406338370177
c-0p80__money-lognormal__income-biased__growth-random__spend-high_income__topo-complete,money-lognormal__income-biased__growth-random__spend-high_income__topo-complete,0.8,120,lognormal,biased,random,high_income,0.02,0.4,complete,complete,0,3,1.0,1.0,120.0,17167.333333333332,120.0,360,120.0,1.0,1.0,55.138888888888886,0.4594907407407407,56.0,65.0,70.0,74,24.01944444444445,31.119444444444444,0.5643828715365239,0.435617128463476,480.0,74.0,0.5164022655891113,0.982197509983442,119.0,1.0,0.0
c-0p80__money-uniform__income-biased__growth-preferential_debt__spend-baseline__topo-er_k6,money-uniform__income-biased__growth-preferential_debt__spend-baseline__topo-er_k6,0.8,120,uniform,biased,preferential_debt,baseline,0.02,0.2,er_k6,er,6,3,1.0,1.0,120.0,66798.66666666667,120.0,360,120.0,1.0,1.0,54.977777777777774,0.4581481481481481,57.0,62.0,65.41000000000003,67,53.075,1.9027777777777777,0.0346099434114793,0.9653900565885206,480.0,11.666666666666666,0.357906036062523,0.7896623145650429,6.0,0.0528900112233445,0.369108122340991
c-0p80__money-lognormal__income-biased__growth-preferential_debt__spend-high_income__topo-ba_k12,money-lognormal__income-biased__growth-preferential_debt__spend-high_income__topo-ba_k12,0.8,120,lognormal,biased,preferential_debt,high_income,0.02,0.4,ba_k12,ba,12,3,1.0,1.0,120.0,183924.0,120.0,360,120.0,1.0,1.0,54.45,0.45375,56.0,60.0,63.0,67,47.23333333333333,7.216666666666667,0.1325374961738598,0.8674625038261402,480.0,26.33333333333333,0.516786421184927,0.7597710459295498,12.0,0.1830467041443647,0.6156477336092554
c-0p80__money-lognormal__income-biased__growth-preferential_debt__spend-high_both__topo-ba_k12,money-lognormal__income-biased__growth-preferential_debt__spend-high_both__topo-ba_k12,0.8,120,lognormal,biased,preferential_debt,high_both,0.04,0.4,ba_k12,ba,12,3,1.0,1.0,120.0,194230.66666666663,120.0,360,120.0,1.0,1.0,53.99722222222222,0.4499768518518519,56.0,62.0,66.0,68,46.22222222222222,7.775,0.1439888883173002,0.8560111116826997,480.0,33.666666666666664,0.5117591453993435,0.723858632930147,12.0,0.1806687358915631,0.6082945295591441
c-0p80__money-lognormal__income-biased__growth-random__spend-high_wealth__topo-ba_k24,money-lognormal__income-biased__growth-random__spend-high_wealth__topo-ba_k24,0.8,120,lognormal,biased,random,high_wealth,0.04,0.2,ba_k24,ba,24,3,1.0,1.0,120.0,18141.666666666668,120.0,360,120.0,1.0,1.0,53.52222222222223,0.4460185185185185,54.0,61.0,65.41000000000003,74,24.66111111111111,28.86111111111111,0.539236039028441,0.4607639609715591,480.0,36.333333333333336,0.4938040596415118,0.982052084994518,24.0,0.2822166357797477,0.4522563516370188
