scenario_id,factor_family,run_index,seed,topology_seed,topology,target_mean_degree,topology_nodes,topology_edges,topology_mean_degree,topology_density,topology_clustering,topology_degree_std,topology_degree_cv,topology_max_degree,topology_components,topology_lcc_nodes,topology_lcc_fraction,topology_lcc_average_path_length
topology_degree__money-lognormal__income-biased__growth-random__a-0.020__b-0.200__topo-er__k-6,topology_degree,0,2026060400,2026064400,er,6,200,600,6.0,0.03015075376884422,0.04043994893994893,2.4289915602982237,0.40483192671637064,13,1,200,1.0,3.15964824120603
topology_degree__money-lognormal__income-biased__growth-random__a-0.020__b-0.200__topo-er__k-6,topology_degree,1,2026060401,2026064401,er,6,200,600,6.0,0.03015075376884422,0.037912753912753894,2.4617067250182343,0.4102844541697057,13,1,200,1.0,3.147437185929648
topology_degree__money-lognormal__income-biased__growth-random__a-0.020__b-0.200__topo-er__k-6,topology_degree,2,2026060402,2026064402,er,6,200,600,6.0,0.03015075376884422,0.024889971139971122,2.3108440016582685,0.3851406669430448,12,1,200,1.0,3.154924623115578
topology_degree__money-lognormal__income-biased__growth-random__a-0.020__b-0.200__topo-er__k-6,topology_degree,3,2026060403,2026064403,er,6,200,600,6.0,0.03015075376884422,0.027194444444444427,2.4228082879171433,0.40380138131952387,13,1,200,1.0,3.119145728643216
topology_degree__money-lognormal__income-biased__growth-random__a-0.020__b-0.200__topo-er__k-6,topology_degree,4,2026060404,2026064404,er,6,200,600,6.0,0.03015075376884422,0.032832001332001315,2.5865034312755126,0.43108390521258544,13,2,199,0.995,3.126541799908634
topology_degree__money-lognormal__income-biased__growth-random__a-0.020__b-0.200__topo-er__k-6,topology_degree,5,2026060405,2026064405,er,6,200,600,6.0,0.03015075376884422,0.01954184704184704,2.085665361461421,0.3476108935769035,11,1,200,1.0,3.155829145728643
topology_degree__money-lognormal__income-biased__growth-random__a-0.020__b-0.200__topo-er__k-6,topology_degree,6,2026060406,2026064406,er,6,200,600,6.0,0.03015075376884422,0.030691558441558433,2.349468024894146,0.3915780041490244,12,2,199,0.995,3.128369118318867
topology_degree__money-lognormal__income-biased__growth-random__a-0.020__b-0.200__topo-er__k-6,topology_degree,7,2026060407,2026064407,er,6,200,600,6.0,0.03015075376884422,0.02445127095127094,2.3727621035409343,0.3954603505901557,14,1,200,1.0,3.1326633165829145
topology_degree__money-lognormal__income-biased__growth-random__a-0.020__b-0.200__topo-er__k-12,topology_degree,0,2026060408,2026064408,er,12,200,1200,12.0,0.06030150753768844,0.06168380067644768,3.2295510523910287,0.26912925436591906,21,1,200,1.0,2.400854271356784
topology_degree__money-lognormal__income-biased__growth-random__a-0.020__b-0.200__topo-er__k-12,topology_degree,1,2026060409,2026064409,er,12,200,1200,12.0,0.06030150753768844,0.058166750217446765,3.2093613071762426,0.2674467755980202,22,1,200,1.0,2.3976884422110554
topology_degree__money-lognormal__income-biased__growth-random__a-0.020__b-0.200__topo-er__k-12,topology_degree,2,2026060410,2026064410,er,12,200,1200,12.0,0.06030150753768844,0.059355144253751,3.1717503054307414,0.2643125254525618,21,1,200,1.0,2.4029145728643218
topology_degree__money-lognormal__income-biased__growth-random__a-0.020__b-0.200__topo-er__k-12,topology_degree,3,2026060411,2026064411,er,12,200,1200,12.0,0.06030150753768844,0.06247619533029743,3.40440890610984,0.28370074217582003,21,1,200,1.0,2.401256281407035
topology_degree__money-lognormal__income-biased__growth-random__a-0.020__b-0.200__topo-er__k-12,topology_degree,4,2026060412,2026064412,er,12,200,1200,12.0,0.06030150753768844,0.06058525638896478,3.2326459750489227,0.26938716458741024,23,1,200,1.0,2.3996482412060303
topology_degree__money-lognormal__income-biased__growth-random__a-0.020__b-0.200__topo-er__k-12,topology_degree,5,2026060413,2026064413,er,12,200,1200,12.0,0.06030150753768844,0.0547383599372763,3.2218007387174024,0.26848339489311684,21,1,200,1.0,2.39391959798995
topology_degree__money-lognormal__income-biased__growth-random__a-0.020__b-0.200__topo-er__k-12,topology_degree,6,2026060414,2026064414,er,12,200,1200,12.0,0.06030150753768844,0.058126953713640975,3.420526275297414,0.2850438562747845,25,1,200,1.0,2.4007035175879397
topology_degree__money-lognormal__income-biased__growth-random__a-0.020__b-0.200__topo-er__k-12,topology_degree,7,2026060415,2026064415,er,12,200,1200,12.0,0.06030150753768844,0.06110625219293947,3.2984845004941286,0.2748737083745107,22,1,200,1.0,2.3958291457286434
topology_degree__money-lognormal__income-biased__growth-random__a-0.020__b-0.200__topo-er__k-24,topology_degree,0,2026060416,2026064416,er,24,200,2400,24.0,0.12060301507537688,0.11575085369088856,4.255584566190643,0.17731602359127677,36,1,200,1.0,1.9231658291457285
topology_degree__money-lognormal__income-biased__growth-random__a-0.020__b-0.200__topo-er__k-24,topology_degree,1,2026060417,2026064417,er,24,200,2400,24.0,0.12060301507537688,0.12393567509616789,4.402272140611028,0.18342800585879282,39,1,200,1.0,1.9271356783919598
topology_degree__money-lognormal__income-biased__growth-random__a-0.020__b-0.200__topo-er__k-24,topology_degree,2,2026060418,2026064418,er,24,200,2400,24.0,0.12060301507537688,0.11810765655482836,4.773887304912004,0.19891197103800018,34,1,200,1.0,1.9282914572864323
topology_degree__money-lognormal__income-biased__growth-random__a-0.020__b-0.200__topo-er__k-24,topology_degree,3,2026060419,2026064419,er,24,200,2400,24.0,0.12060301507537688,0.12055009970615645,4.583666654546336,0.19098611060609735,37,1,200,1.0,1.9296984924623115
topology_degree__money-lognormal__income-biased__growth-random__a-0.020__b-0.200__topo-er__k-24,topology_degree,4,2026060420,2026064420,er,24,200,2400,24.0,0.12060301507537688,0.11984435260456515,4.380639222761902,0.1825266342817459,39,1,200,1.0,1.9262311557788945
topology_degree__money-lognormal__income-biased__growth-random__a-0.020__b-0.200__topo-er__k-24,topology_degree,5,2026060421,2026064421,er,24,200,2400,24.0,0.12060301507537688,0.11683965903584703,4.5,0.1875,33,1,200,1.0,1.9299497487437185
topology_degree__money-lognormal__income-biased__growth-random__a-0.020__b-0.200__topo-er__k-24,topology_degree,6,2026060422,2026064422,er,24,200,2400,24.0,0.12060301507537688,0.11476511642547696,4.022437072223753,0.16760154467598973,37,1,200,1.0,1.9254271356783919
topology_degree__money-lognormal__income-biased__growth-random__a-0.020__b-0.200__topo-er__k-24,topology_degree,7,2026060423,2026064423,er,24,200,2400,24.0,0.12060301507537688,0.11959308644470706,4.467661580737736,0.18615256586407233,39,1,200,1.0,1.927788944723618
topology_degree__money-lognormal__income-biased__growth-random__a-0.020__b-0.200__topo-ba__k-6,topology_degree,0,2026060424,2026064424,ba,6,200,600,6.0,0.03015075376884422,0.08503869225621799,5.0823223038292245,0.8470537173048708,41,1,200,1.0,2.89713567839196
topology_degree__money-lognormal__income-biased__growth-random__a-0.020__b-0.200__topo-ba__k-6,topology_degree,1,2026060425,2026064425,ba,6,200,600,6.0,0.03015075376884422,0.12091335014675832,6.210475022089695,1.0350791703482825,63,1,200,1.0,2.7885929648241206
topology_degree__money-lognormal__income-biased__growth-random__a-0.020__b-0.200__topo-ba__k-6,topology_degree,2,2026060426,2026064426,ba,6,200,600,6.0,0.03015075376884422,0.08588935681932718,4.927473997901968,0.8212456663169947,36,1,200,1.0,2.919497487437186
topology_degree__money-lognormal__income-biased__growth-random__a-0.020__b-0.200__topo-ba__k-6,topology_degree,3,2026060427,2026064427,ba,6,200,600,6.0,0.03015075376884422,0.07340324345149324,5.2839379254491625,0.8806563209081938,39,1,200,1.0,2.89643216080402
topology_degree__money-lognormal__income-biased__growth-random__a-0.020__b-0.200__topo-ba__k-6,topology_degree,4,2026060428,2026064428,ba,6,200,600,6.0,0.03015075376884422,0.08214318862863551,5.459853477887479,0.9099755796479131,38,1,200,1.0,2.877035175879397
topology_degree__money-lognormal__income-biased__growth-random__a-0.020__b-0.200__topo-ba__k-6,topology_degree,5,2026060429,2026064429,ba,6,200,600,6.0,0.03015075376884422,0.09737481370053044,5.629387178015028,0.938231196335838,40,1,200,1.0,2.8469346733668344
topology_degree__money-lognormal__income-biased__growth-random__a-0.020__b-0.200__topo-ba__k-6,topology_degree,6,2026060430,2026064430,ba,6,200,600,6.0,0.03015075376884422,0.08858850188339354,5.345091205957107,0.8908485343261846,36,1,200,1.0,2.8812060301507536
topology_degree__money-lognormal__income-biased__growth-random__a-0.020__b-0.200__topo-ba__k-6,topology_degree,7,2026060431,2026064431,ba,6,200,600,6.0,0.03015075376884422,0.1141614103583153,5.720139858430037,0.9533566430716728,52,1,200,1.0,2.843115577889447
topology_degree__money-lognormal__income-biased__growth-random__a-0.020__b-0.200__topo-ba__k-12,topology_degree,0,2026060432,2026064432,ba,12,200,1200,12.0,0.06030150753768844,0.14452006588627625,9.135097153287424,0.7612580961072853,57,1,200,1.0,2.336633165829146
topology_degree__money-lognormal__income-biased__growth-random__a-0.020__b-0.200__topo-ba__k-12,topology_degree,1,2026060433,2026064433,ba,12,200,1200,12.0,0.06030150753768844,0.13429710555717536,8.779521627059188,0.7316268022549323,53,1,200,1.0,2.341859296482412
topology_degree__money-lognormal__income-biased__growth-random__a-0.020__b-0.200__topo-ba__k-12,topology_degree,2,2026060434,2026064434,ba,12,200,1200,12.0,0.06030150753768844,0.1372657808099328,8.882004278314664,0.7401670231928886,68,1,200,1.0,2.3326633165829147
topology_degree__money-lognormal__income-biased__growth-random__a-0.020__b-0.200__topo-ba__k-12,topology_degree,3,2026060435,2026064435,ba,12,200,1200,12.0,0.06030150753768844,0.14289011009718292,9.031611151948471,0.7526342626623727,58,1,200,1.0,2.3331155778894472
topology_degree__money-lognormal__income-biased__growth-random__a-0.020__b-0.200__topo-ba__k-12,topology_degree,4,2026060436,2026064436,ba,12,200,1200,12.0,0.06030150753768844,0.1291026343695284,8.1590440616533,0.6799203384711084,57,1,200,1.0,2.3634170854271357
topology_degree__money-lognormal__income-biased__growth-random__a-0.020__b-0.200__topo-ba__k-12,topology_degree,5,2026060437,2026064437,ba,12,200,1200,12.0,0.06030150753768844,0.13541164592947078,8.916277250063503,0.7430231041719586,64,1,200,1.0,2.335477386934673
topology_degree__money-lognormal__income-biased__growth-random__a-0.020__b-0.200__topo-ba__k-12,topology_degree,6,2026060438,2026064438,ba,12,200,1200,12.0,0.06030150753768844,0.14865113625849113,9.457272334029511,0.7881060278357926,71,1,200,1.0,2.3212060301507536
topology_degree__money-lognormal__income-biased__growth-random__a-0.020__b-0.200__topo-ba__k-12,topology_degree,7,2026060439,2026064439,ba,12,200,1200,12.0,0.06030150753768844,0.1337576386195211,8.46404158779953,0.7053367989832942,55,1,200,1.0,2.352361809045226
topology_degree__money-lognormal__income-biased__growth-random__a-0.020__b-0.200__topo-ba__k-24,topology_degree,0,2026060440,2026064440,ba,24,200,2400,24.0,0.12060301507537688,0.21525546231983342,14.095744038538724,0.5873226682724468,93,1,200,1.0,1.946180904522613
topology_degree__money-lognormal__income-biased__growth-random__a-0.020__b-0.200__topo-ba__k-24,topology_degree,1,2026060441,2026064441,ba,24,200,2400,24.0,0.12060301507537688,0.2029056228693361,13.70875632579411,0.5711981802414212,88,1,200,1.0,1.9452763819095478
topology_degree__money-lognormal__income-biased__growth-random__a-0.020__b-0.200__topo-ba__k-24,topology_degree,2,2026060442,2026064442,ba,24,200,2400,24.0,0.12060301507537688,0.19483939407451228,13.087016466712342,0.5452923527796809,83,1,200,1.0,1.94678391959799
topology_degree__money-lognormal__income-biased__growth-random__a-0.020__b-0.200__topo-ba__k-24,topology_degree,3,2026060443,2026064443,ba,24,200,2400,24.0,0.12060301507537688,0.19641196360567406,13.187494075828052,0.5494789198261688,83,1,200,1.0,1.9480904522613065
topology_degree__money-lognormal__income-biased__growth-random__a-0.020__b-0.200__topo-ba__k-24,topology_degree,4,2026060444,2026064444,ba,24,200,2400,24.0,0.12060301507537688,0.20254392560864842,13.677353545185559,0.5698897310493983,92,1,200,1.0,1.9386934673366834
topology_degree__money-lognormal__income-biased__growth-random__a-0.020__b-0.200__topo-ba__k-24,topology_degree,5,2026060445,2026064445,ba,24,200,2400,24.0,0.12060301507537688,0.19250511485738955,13.158647346897022,0.5482769727873759,80,1,200,1.0,1.947889447236181
topology_degree__money-lognormal__income-biased__growth-random__a-0.020__b-0.200__topo-ba__k-24,topology_degree,6,2026060446,2026064446,ba,24,200,2400,24.0,0.12060301507537688,0.2076707353622669,13.773162309360911,0.573881762890038,86,1,200,1.0,1.9379899497487436
topology_degree__money-lognormal__income-biased__growth-random__a-0.020__b-0.200__topo-ba__k-24,topology_degree,7,2026060447,2026064447,ba,24,200,2400,24.0,0.12060301507537688,0.19625165296279865,13.16054710108968,0.54835612921207,73,1,200,1.0,1.9472361809045227
topology_degree__money-lognormal__income-biased__growth-random__a-0.020__b-0.200__topo-sw__k-6,topology_degree,0,2026060448,2026064448,sw,6,200,600,6.0,0.03015075376884422,0.46160714285714266,0.7416198487095663,0.12360330811826105,9,1,200,1.0,4.467386934673367
topology_degree__money-lognormal__income-biased__growth-random__a-0.020__b-0.200__topo-sw__k-6,topology_degree,1,2026060449,2026064449,sw,6,200,600,6.0,0.03015075376884422,0.4627301587301587,0.7549834435270749,0.12583057392117916,9,1,200,1.0,4.476633165829146
topology_degree__money-lognormal__income-biased__growth-random__a-0.020__b-0.200__topo-sw__k-6,topology_degree,2,2026060450,2026064450,sw,6,200,600,6.0,0.03015075376884422,0.4378095238095236,0.7483314773547883,0.12472191289246472,9,1,200,1.0,4.374371859296482
topology_degree__money-lognormal__income-biased__growth-random__a-0.020__b-0.200__topo-sw__k-6,topology_degree,3,2026060451,2026064451,sw,6,200,600,6.0,0.03015075376884422,0.4466666666666662,0.8246211251235321,0.13743685418725535,8,1,200,1.0,4.33819095477387
topology_degree__money-lognormal__income-biased__growth-random__a-0.020__b-0.200__topo-sw__k-6,topology_degree,4,2026060452,2026064452,sw,6,200,600,6.0,0.03015075376884422,0.43741269841269803,0.7810249675906654,0.13017082793177756,9,1,200,1.0,4.328040201005025
topology_degree__money-lognormal__income-biased__growth-random__a-0.020__b-0.200__topo-sw__k-6,topology_degree,5,2026060453,2026064453,sw,6,200,600,6.0,0.03015075376884422,0.4930357142857142,0.6164414002968976,0.10274023338281628,8,1,200,1.0,4.847336683417085
topology_degree__money-lognormal__income-biased__growth-random__a-0.020__b-0.200__topo-sw__k-6,topology_degree,6,2026060454,2026064454,sw,6,200,600,6.0,0.03015075376884422,0.4537619047619046,0.7,0.11666666666666665,8,1,200,1.0,4.50356783919598
topology_degree__money-lognormal__income-biased__growth-random__a-0.020__b-0.200__topo-sw__k-6,topology_degree,7,2026060455,2026064455,sw,6,200,600,6.0,0.03015075376884422,0.43623809523809515,0.7937253933193772,0.13228756555322954,9,1,200,1.0,4.31497487437186
topology_degree__money-lognormal__income-biased__growth-random__a-0.020__b-0.200__topo-sw__k-12,topology_degree,0,2026060456,2026064456,sw,12,200,1200,12.0,0.06030150753768844,0.5000208818958819,1.0535653752852738,0.08779711460710615,16,1,200,1.0,2.9267336683417087
topology_degree__money-lognormal__income-biased__growth-random__a-0.020__b-0.200__topo-sw__k-12,topology_degree,1,2026060457,2026064457,sw,12,200,1200,12.0,0.06030150753768844,0.4885866078366078,1.1224972160321824,0.09354143466934854,15,1,200,1.0,2.9023618090452263
topology_degree__money-lognormal__income-biased__growth-random__a-0.020__b-0.200__topo-sw__k-12,topology_degree,2,2026060458,2026064458,sw,12,200,1200,12.0,0.06030150753768844,0.4819178321678321,1.104536101718726,0.09204467514322717,15,1,200,1.0,2.904170854271357
topology_degree__money-lognormal__income-biased__growth-random__a-0.020__b-0.200__topo-sw__k-12,topology_degree,3,2026060459,2026064459,sw,12,200,1200,12.0,0.06030150753768844,0.5011357531357531,1.1090536506409416,0.0924211375534118,15,1,200,1.0,2.9440201005025126
topology_degree__money-lognormal__income-biased__growth-random__a-0.020__b-0.200__topo-sw__k-12,topology_degree,4,2026060460,2026064460,sw,12,200,1200,12.0,0.06030150753768844,0.5086817071817071,1.0,0.08333333333333333,16,1,200,1.0,2.9762311557788945
topology_degree__money-lognormal__income-biased__growth-random__a-0.020__b-0.200__topo-sw__k-12,topology_degree,5,2026060461,2026064461,sw,12,200,1200,12.0,0.06030150753768844,0.4832922077922079,1.1,0.09166666666666667,16,1,200,1.0,2.896180904522613
topology_degree__money-lognormal__income-biased__growth-random__a-0.020__b-0.200__topo-sw__k-12,topology_degree,6,2026060462,2026064462,sw,12,200,1200,12.0,0.06030150753768844,0.50767920967921,1.0677078252031311,0.08897565210026093,15,1,200,1.0,2.9378391959798993
topology_degree__money-lognormal__income-biased__growth-random__a-0.020__b-0.200__topo-sw__k-12,topology_degree,7,2026060463,2026064463,sw,12,200,1200,12.0,0.06030150753768844,0.5113388833388839,0.9433981132056604,0.07861650943380503,14,1,200,1.0,2.9704020100502513
topology_degree__money-lognormal__income-biased__growth-random__a-0.020__b-0.200__topo-sw__k-24,topology_degree,0,2026060464,2026064464,sw,24,200,2400,24.0,0.12060301507537688,0.5374073475638692,1.3928388277184118,0.058034951154933824,27,1,200,1.0,2.2825628140703516
topology_degree__money-lognormal__income-biased__growth-random__a-0.020__b-0.200__topo-sw__k-24,topology_degree,1,2026060465,2026064465,sw,24,200,2400,24.0,0.12060301507537688,0.5412192315287121,1.4594519519326423,0.06081049799719343,29,1,200,1.0,2.289145728643216
topology_degree__money-lognormal__income-biased__growth-random__a-0.020__b-0.200__topo-sw__k-24,topology_degree,2,2026060466,2026064466,sw,24,200,2400,24.0,0.12060301507537688,0.5398083630116807,1.5459624833740306,0.06441510347391795,28,1,200,1.0,2.290854271356784
topology_degree__money-lognormal__income-biased__growth-random__a-0.020__b-0.200__topo-sw__k-24,topology_degree,3,2026060467,2026064467,sw,24,200,2400,24.0,0.12060301507537688,0.5466930352044764,1.47648230602334,0.061520096084305836,28,1,200,1.0,2.2946231155778896
topology_degree__money-lognormal__income-biased__growth-random__a-0.020__b-0.200__topo-sw__k-24,topology_degree,4,2026060468,2026064468,sw,24,200,2400,24.0,0.12060301507537688,0.5372636510959162,1.445683229480096,0.060236801228337335,28,1,200,1.0,2.2855778894472363
topology_degree__money-lognormal__income-biased__growth-random__a-0.020__b-0.200__topo-sw__k-24,topology_degree,5,2026060469,2026064469,sw,24,200,2400,24.0,0.12060301507537688,0.5430495877866541,1.5198684153570663,0.06332785063987777,29,1,200,1.0,2.292814070351759
topology_degree__money-lognormal__income-biased__growth-random__a-0.020__b-0.200__topo-sw__k-24,topology_degree,6,2026060470,2026064470,sw,24,200,2400,24.0,0.12060301507537688,0.5215246461903211,1.57797338380595,0.06574889099191458,28,1,200,1.0,2.257286432160804
topology_degree__money-lognormal__income-biased__growth-random__a-0.020__b-0.200__topo-sw__k-24,topology_degree,7,2026060471,2026064471,sw,24,200,2400,24.0,0.12060301507537688,0.534527609681614,1.4798648586948742,0.06166103577895309,28,1,200,1.0,2.2857788944723616
money_distribution__money-equal__income-biased__growth-random__a-0.020__b-0.200__topo-er__k-12,money_distribution,0,2026060472,2026064472,er,12,200,1200,12.0,0.06030150753768844,0.06425418538327404,3.054504869860253,0.2545420724883544,23,1,200,1.0,2.401155778894472
money_distribution__money-equal__income-biased__growth-random__a-0.020__b-0.200__topo-er__k-12,money_distribution,1,2026060473,2026064473,er,12,200,1200,12.0,0.06030150753768844,0.06890808374631899,3.4394767043839676,0.28662305869866395,22,1,200,1.0,2.4025628140703517
money_distribution__money-equal__income-biased__growth-random__a-0.020__b-0.200__topo-er__k-12,money_distribution,2,2026060474,2026064474,er,12,200,1200,12.0,0.06030150753768844,0.06586054824948011,3.269556544854363,0.27246304540453026,20,1,200,1.0,2.400753768844221
money_distribution__money-equal__income-biased__growth-random__a-0.020__b-0.200__topo-er__k-12,money_distribution,3,2026060475,2026064475,er,12,200,1200,12.0,0.06030150753768844,0.06410938218987751,3.7067505985701277,0.3088958832141773,25,1,200,1.0,2.401256281407035
money_distribution__money-equal__income-biased__growth-random__a-0.020__b-0.200__topo-er__k-12,money_distribution,4,2026060476,2026064476,er,12,200,1200,12.0,0.06030150753768844,0.05835924078576182,3.4942810419312296,0.29119008682760245,23,1,200,1.0,2.4005527638190953
money_distribution__money-equal__income-biased__growth-random__a-0.020__b-0.200__topo-er__k-12,money_distribution,5,2026060477,2026064477,er,12,200,1200,12.0,0.06030150753768844,0.05303865033315494,3.3555923471125033,0.2796326955927086,21,1,200,1.0,2.4020603015075377
money_distribution__money-equal__income-biased__growth-random__a-0.020__b-0.200__topo-er__k-12,money_distribution,6,2026060478,2026064478,er,12,200,1200,12.0,0.06030150753768844,0.0611899420239203,3.402939905434711,0.2835783254528926,22,1,200,1.0,2.3988442211055276
money_distribution__money-equal__income-biased__growth-random__a-0.020__b-0.200__topo-er__k-12,money_distribution,7,2026060479,2026064479,er,12,200,1200,12.0,0.06030150753768844,0.060475333919606335,3.358571124749333,0.27988092706244444,22,1,200,1.0,2.401457286432161
money_distribution__money-uniform__income-biased__growth-random__a-0.020__b-0.200__topo-er__k-12,money_distribution,0,2026060480,2026064480,er,12,200,1200,12.0,0.06030150753768844,0.05478521109093865,3.423448553724738,0.2852873794770615,22,1,200,1.0,2.399748743718593
money_distribution__money-uniform__income-biased__growth-random__a-0.020__b-0.200__topo-er__k-12,money_distribution,1,2026060481,2026064481,er,12,200,1200,12.0,0.06030150753768844,0.05838039317923216,2.979932885150268,0.248327740429189,25,1,200,1.0,2.3982914572864322
money_distribution__money-uniform__income-biased__growth-random__a-0.020__b-0.200__topo-er__k-12,money_distribution,2,2026060482,2026064482,er,12,200,1200,12.0,0.06030150753768844,0.06556457019073111,3.4452866353904428,0.2871072196158702,22,1,200,1.0,2.4055778894472364
money_distribution__money-uniform__income-biased__growth-random__a-0.020__b-0.200__topo-er__k-12,money_distribution,3,2026060483,2026064483,er,12,200,1200,12.0,0.06030150753768844,0.06799271888242468,3.5,0.2916666666666667,20,1,200,1.0,2.3997989949748746
money_distribution__money-uniform__income-biased__growth-random__a-0.020__b-0.200__topo-er__k-12,money_distribution,4,2026060484,2026064484,er,12,200,1200,12.0,0.06030150753768844,0.06111048102224567,3.0919249667480613,0.2576604138956718,20,1,200,1.0,2.3995477386934674
money_distribution__money-uniform__income-biased__growth-random__a-0.020__b-0.200__topo-er__k-12,money_distribution,5,2026060485,2026064485,er,12,200,1200,12.0,0.06030150753768844,0.059983943450695326,3.3421549934136805,0.2785129161178067,24,1,200,1.0,2.400100502512563
money_distribution__money-uniform__income-biased__growth-random__a-0.020__b-0.200__topo-er__k-12,money_distribution,6,2026060486,2026064486,er,12,200,1200,12.0,0.06030150753768844,0.05865115014844113,3.1128764832546763,0.2594063736045564,20,1,200,1.0,2.3988442211055276
money_distribution__money-uniform__income-biased__growth-random__a-0.020__b-0.200__topo-er__k-12,money_distribution,7,2026060487,2026064487,er,12,200,1200,12.0,0.06030150753768844,0.059764883336477705,3.3674916480965473,0.2806243040080456,20,1,200,1.0,2.3981909547738693
money_distribution__money-normal__income-biased__growth-random__a-0.020__b-0.200__topo-er__k-12,money_distribution,0,2026060488,2026064488,er,12,200,1200,12.0,0.06030150753768844,0.060185533979264606,3.456877203488721,0.28807310029072675,22,1,200,1.0,2.3974874371859296
money_distribution__money-normal__income-biased__growth-random__a-0.020__b-0.200__topo-er__k-12,money_distribution,1,2026060489,2026064489,er,12,200,1200,12.0,0.06030150753768844,0.06381431064635394,3.5383612025908264,0.29486343354923555,22,1,200,1.0,2.4058793969849246
money_distribution__money-normal__income-biased__growth-random__a-0.020__b-0.200__topo-er__k-12,money_distribution,2,2026060490,2026064490,er,12,200,1200,12.0,0.06030150753768844,0.060209642162327534,3.38673884437522,0.28222823703126837,23,1,200,1.0,2.395326633165829
money_distribution__money-normal__income-biased__growth-random__a-0.020__b-0.200__topo-er__k-12,money_distribution,3,2026060491,2026064491,er,12,200,1200,12.0,0.06030150753768844,0.06208756774701045,3.358571124749333,0.27988092706244444,22,1,200,1.0,2.3991457286432163
money_distribution__money-normal__income-biased__growth-random__a-0.020__b-0.200__topo-er__k-12,money_distribution,4,2026060492,2026064492,er,12,200,1200,12.0,0.06030150753768844,0.05865211817765991,3.2741411087489802,0.27284509239574833,22,1,200,1.0,2.407035175879397
money_distribution__money-normal__income-biased__growth-random__a-0.020__b-0.200__topo-er__k-12,money_distribution,5,2026060493,2026064493,er,12,200,1200,12.0,0.06030150753768844,0.06023654905466043,3.3226495451672298,0.27688746209726917,22,1,200,1.0,2.397286432160804
money_distribution__money-normal__income-biased__growth-random__a-0.020__b-0.200__topo-er__k-12,money_distribution,6,2026060494,2026064494,er,12,200,1200,12.0,0.06030150753768844,0.05917745008689278,3.3436506994600976,0.27863755828834147,21,1,200,1.0,2.401708542713568
money_distribution__money-normal__income-biased__growth-random__a-0.020__b-0.200__topo-er__k-12,money_distribution,7,2026060495,2026064495,er,12,200,1200,12.0,0.06030150753768844,0.06258559440215784,3.5651086939951777,0.2970923911662648,22,1,200,1.0,2.3998492462311556
money_distribution__money-lognormal__income-biased__growth-random__a-0.020__b-0.200__topo-er__k-12,money_distribution,0,2026060496,2026064496,er,12,200,1200,12.0,0.06030150753768844,0.06680467558757028,3.395585369269929,0.28296544743916074,22,1,200,1.0,2.397286432160804
money_distribution__money-lognormal__income-biased__growth-random__a-0.020__b-0.200__topo-er__k-12,money_distribution,1,2026060497,2026064497,er,12,200,1200,12.0,0.06030150753768844,0.06053713241522831,3.391164991562634,0.2825970826302195,21,1,200,1.0,2.397939698492462
money_distribution__money-lognormal__income-biased__growth-random__a-0.020__b-0.200__topo-er__k-12,money_distribution,2,2026060498,2026064498,er,12,200,1200,12.0,0.06030150753768844,0.055175722497316865,3.0315012782448236,0.252625106520402,20,1,200,1.0,2.3999497487437185
money_distribution__money-lognormal__income-biased__growth-random__a-0.020__b-0.200__topo-er__k-12,money_distribution,3,2026060499,2026064499,er,12,200,1200,12.0,0.06030150753768844,0.06077391051500954,3.3211443810831227,0.2767620317569269,22,1,200,1.0,2.4024623115577888
money_distribution__money-lognormal__income-biased__growth-random__a-0.020__b-0.200__topo-er__k-12,money_distribution,4,2026060500,2026064500,er,12,200,1200,12.0,0.06030150753768844,0.057812686797206865,3.2726136343907144,0.27271780286589287,21,1,200,1.0,2.403316582914573
money_distribution__money-lognormal__income-biased__growth-random__a-0.020__b-0.200__topo-er__k-12,money_distribution,5,2026060501,2026064501,er,12,200,1200,12.0,0.06030150753768844,0.06390014247952723,3.2603680773802215,0.27169733978168514,23,1,200,1.0,2.398391959798995
money_distribution__money-lognormal__income-biased__growth-random__a-0.020__b-0.200__topo-er__k-12,money_distribution,6,2026060502,2026064502,er,12,200,1200,12.0,0.06030150753768844,0.06956660673609454,3.492849839314596,0.29107081994288303,23,1,200,1.0,2.3985929648241204
money_distribution__money-lognormal__income-biased__growth-random__a-0.020__b-0.200__topo-er__k-12,money_distribution,7,2026060503,2026064503,er,12,200,1200,12.0,0.06030150753768844,0.05725347141678407,3.0789608636681307,0.2565800719723442,21,1,200,1.0,2.394070351758794
money_distribution__money-pareto__income-biased__growth-random__a-0.020__b-0.200__topo-er__k-12,money_distribution,0,2026060504,2026064504,er,12,200,1200,12.0,0.06030150753768844,0.05652477220585305,3.266496594212215,0.27220804951768457,23,1,200,1.0,2.397939698492462
money_distribution__money-pareto__income-biased__growth-random__a-0.020__b-0.200__topo-er__k-12,money_distribution,1,2026060505,2026064505,er,12,200,1200,12.0,0.06030150753768844,0.06211643632425362,3.151190251317746,0.26259918760981216,22,1,200,1.0,2.3973869346733667
money_distribution__money-pareto__income-biased__growth-random__a-0.020__b-0.200__topo-er__k-12,money_distribution,2,2026060506,2026064506,er,12,200,1200,12.0,0.06030150753768844,0.06529853992905878,3.408812109811862,0.2840676758176552,24,1,200,1.0,2.4034170854271357
money_distribution__money-pareto__income-biased__growth-random__a-0.020__b-0.200__topo-er__k-12,money_distribution,3,2026060507,2026064507,er,12,200,1200,12.0,0.06030150753768844,0.06053807767926421,3.492849839314596,0.29107081994288303,24,1,200,1.0,2.400100502512563
money_distribution__money-pareto__income-biased__growth-random__a-0.020__b-0.200__topo-er__k-12,money_distribution,4,2026060508,2026064508,er,12,200,1200,12.0,0.06030150753768844,0.05815180962342418,3.5482389998420345,0.29568658332016956,24,1,200,1.0,2.3959296482412062
money_distribution__money-pareto__income-biased__growth-random__a-0.020__b-0.200__topo-er__k-12,money_distribution,5,2026060509,2026064509,er,12,200,1200,12.0,0.06030150753768844,0.05941238875242103,3.5777087639996634,0.29814239699997197,26,1,200,1.0,2.3972361809045224
money_distribution__money-pareto__income-biased__growth-random__a-0.020__b-0.200__topo-er__k-12,money_distribution,6,2026060510,2026064510,er,12,200,1200,12.0,0.06030150753768844,0.06432358946523031,3.3763886032268267,0.2813657169355689,21,1,200,1.0,2.3988442211055276
money_distribution__money-pareto__income-biased__growth-random__a-0.020__b-0.200__topo-er__k-12,money_distribution,7,2026060511,2026064511,er,12,200,1200,12.0,0.06030150753768844,0.06338466155559637,3.352610922848042,0.27938424357067015,23,1,200,1.0,2.4043718592964822
income_rule__money-lognormal__income-uniform__growth-random__a-0.020__b-0.200__topo-er__k-12,income_rule,0,2026060512,2026064512,er,12,200,1200,12.0,0.06030150753768844,0.06324162513326592,3.5468295701936396,0.29556913084946995,27,1,200,1.0,2.401457286432161
income_rule__money-lognormal__income-uniform__growth-random__a-0.020__b-0.200__topo-er__k-12,income_rule,1,2026060513,2026064513,er,12,200,1200,12.0,0.06030150753768844,0.057433918936240856,3.2680269276736382,0.2723355773061365,20,1,200,1.0,2.3963819095477388
income_rule__money-lognormal__income-uniform__growth-random__a-0.020__b-0.200__topo-er__k-12,income_rule,2,2026060514,2026064514,er,12,200,1200,12.0,0.06030150753768844,0.06649634730594474,3.5510561809129406,0.2959213484094117,22,1,200,1.0,2.3997989949748746
income_rule__money-lognormal__income-uniform__growth-random__a-0.020__b-0.200__topo-er__k-12,income_rule,3,2026060515,2026064515,er,12,200,1200,12.0,0.06030150753768844,0.05764759789461966,3.459768778401239,0.2883140648667699,23,1,200,1.0,2.394924623115578
income_rule__money-lognormal__income-uniform__growth-random__a-0.020__b-0.200__topo-er__k-12,income_rule,4,2026060516,2026064516,er,12,200,1200,12.0,0.06030150753768844,0.06145558758407051,3.2908965343808667,0.27424137786507224,21,1,200,1.0,2.4030653266331656
income_rule__money-lognormal__income-uniform__growth-random__a-0.020__b-0.200__topo-er__k-12,income_rule,5,2026060517,2026064517,er,12,200,1200,12.0,0.06030150753768844,0.05463437542849304,3.128897569432403,0.2607414641193669,21,1,200,1.0,2.398492462311558
income_rule__money-lognormal__income-uniform__growth-random__a-0.020__b-0.200__topo-er__k-12,income_rule,6,2026060518,2026064518,er,12,200,1200,12.0,0.06030150753768844,0.061105483010281715,3.3391615714128,0.2782634642844,20,1,200,1.0,2.402311557788945
income_rule__money-lognormal__income-uniform__growth-random__a-0.020__b-0.200__topo-er__k-12,income_rule,7,2026060519,2026064519,er,12,200,1200,12.0,0.06030150753768844,0.0624585330270752,3.6864617182333523,0.3072051431861127,26,1,200,1.0,2.4001507537688442
income_rule__money-lognormal__income-biased__growth-random__a-0.020__b-0.200__topo-er__k-12,income_rule,0,2026060520,2026064520,er,12,200,1200,12.0,0.06030150753768844,0.06112629750710242,3.2878564445547194,0.2739880370462266,22,1,200,1.0,2.398994974874372
income_rule__money-lognormal__income-biased__growth-random__a-0.020__b-0.200__topo-er__k-12,income_rule,1,2026060521,2026064521,er,12,200,1200,12.0,0.06030150753768844,0.06394036251957907,3.2649655434629015,0.27208046195524177,23,1,200,1.0,2.4000502512562814
income_rule__money-lognormal__income-biased__growth-random__a-0.020__b-0.200__topo-er__k-12,income_rule,2,2026060522,2026064522,er,12,200,1200,12.0,0.06030150753768844,0.0698817302408633,3.4351128074635335,0.28625940062196115,22,1,200,1.0,2.400653266331658
income_rule__money-lognormal__income-biased__growth-random__a-0.020__b-0.200__topo-er__k-12,income_rule,3,2026060523,2026064523,er,12,200,1200,12.0,0.06030150753768844,0.058729818169446585,3.151190251317746,0.26259918760981216,21,1,200,1.0,2.3996482412060303
income_rule__money-lognormal__income-biased__growth-random__a-0.020__b-0.200__topo-er__k-12,income_rule,4,2026060524,2026064524,er,12,200,1200,12.0,0.06030150753768844,0.06465137438241148,3.2908965343808667,0.27424137786507224,19,1,200,1.0,2.4027638190954774
income_rule__money-lognormal__income-biased__growth-random__a-0.020__b-0.200__topo-er__k-12,income_rule,5,2026060525,2026064525,er,12,200,1200,12.0,0.06030150753768844,0.06254846628259936,3.3496268448888453,0.2791355704074038,22,1,200,1.0,2.3991457286432163
income_rule__money-lognormal__income-biased__growth-random__a-0.020__b-0.200__topo-er__k-12,income_rule,6,2026060526,2026064526,er,12,200,1200,12.0,0.06030150753768844,0.06804064399652628,3.327160951922825,0.2772634126602354,23,1,200,1.0,2.3971859296482414
income_rule__money-lognormal__income-biased__growth-random__a-0.020__b-0.200__topo-er__k-12,income_rule,7,2026060527,2026064527,er,12,200,1200,12.0,0.06030150753768844,0.06142101977717467,3.2218007387174024,0.26848339489311684,23,1,200,1.0,2.4009045226130654
ab_grid__money-lognormal__income-biased__growth-random__a-0.010__b-0.100__topo-er__k-12,ab_grid,0,2026060528,2026064528,er,12,200,1200,12.0,0.06030150753768844,0.06590302779323841,3.351119216023208,0.27925993466860066,24,1,200,1.0,2.4003015075376886
ab_grid__money-lognormal__income-biased__growth-random__a-0.010__b-0.100__topo-er__k-12,ab_grid,1,2026060529,2026064529,er,12,200,1200,12.0,0.06030150753768844,0.060769070325958845,3.3674916480965473,0.2806243040080456,19,1,200,1.0,2.4047738693467338
ab_grid__money-lognormal__income-biased__growth-random__a-0.010__b-0.100__topo-er__k-12,ab_grid,2,2026060530,2026064530,er,12,200,1200,12.0,0.06030150753768844,0.06414024036267943,3.3421549934136805,0.2785129161178067,23,1,200,1.0,2.3967336683417084
ab_grid__money-lognormal__income-biased__growth-random__a-0.010__b-0.100__topo-er__k-12,ab_grid,3,2026060531,2026064531,er,12,200,1200,12.0,0.06030150753768844,0.0564599543902949,3.1937438845342623,0.26614532371118854,22,1,200,1.0,2.398542713567839
ab_grid__money-lognormal__income-biased__growth-random__a-0.010__b-0.100__topo-er__k-12,ab_grid,4,2026060532,2026064532,er,12,200,1200,12.0,0.06030150753768844,0.05586503576402951,3.249615361854384,0.27080128015453203,22,1,200,1.0,2.400100502512563
ab_grid__money-lognormal__income-biased__growth-random__a-0.010__b-0.100__topo-er__k-12,ab_grid,5,2026060533,2026064533,er,12,200,1200,12.0,0.06030150753768844,0.05657690941669264,3.0364452901377956,0.25303710751148295,22,1,200,1.0,2.3998492462311556
ab_grid__money-lognormal__income-biased__growth-random__a-0.010__b-0.100__topo-er__k-12,ab_grid,6,2026060534,2026064534,er,12,200,1200,12.0,0.06030150753768844,0.06309755483968028,3.408812109811862,0.2840676758176552,23,1,200,1.0,2.398793969849246
ab_grid__money-lognormal__income-biased__growth-random__a-0.010__b-0.100__topo-er__k-12,ab_grid,7,2026060535,2026064535,er,12,200,1200,12.0,0.06030150753768844,0.065052612763913,3.3391615714128,0.2782634642844,20,1,200,1.0,2.397939698492462
ab_grid__money-lognormal__income-biased__growth-random__a-0.010__b-0.200__topo-er__k-12,ab_grid,0,2026060536,2026064536,er,12,200,1200,12.0,0.06030150753768844,0.05672767243935969,3.4176014981270124,0.2848001248439177,22,1,200,1.0,2.3995477386934674
ab_grid__money-lognormal__income-biased__growth-random__a-0.010__b-0.200__topo-er__k-12,ab_grid,1,2026060537,2026064537,er,12,200,1200,12.0,0.06030150753768844,0.0631274331963186,3.083828789021855,0.25698573241848793,21,1,200,1.0,2.401959798994975
ab_grid__money-lognormal__income-biased__growth-random__a-0.010__b-0.200__topo-er__k-12,ab_grid,2,2026060538,2026064538,er,12,200,1200,12.0,0.06030150753768844,0.058886420768773665,3.4452866353904428,0.2871072196158702,22,1,200,1.0,2.3988442211055276
ab_grid__money-lognormal__income-biased__growth-random__a-0.010__b-0.200__topo-er__k-12,ab_grid,3,2026060539,2026064539,er,12,200,1200,12.0,0.06030150753768844,0.06004804210200291,3.449637662132068,0.28746980517767234,24,1,200,1.0,2.4007035175879397
ab_grid__money-lognormal__income-biased__growth-random__a-0.010__b-0.200__topo-er__k-12,ab_grid,4,2026060540,2026064540,er,12,200,1200,12.0,0.06030150753768844,0.061342395317997615,3.3105890714493698,0.27588242262078083,23,1,200,1.0,2.3991959798994973
ab_grid__money-lognormal__income-biased__growth-random__a-0.010__b-0.200__topo-er__k-12,ab_grid,5,2026060541,2026064541,er,12,200,1200,12.0,0.06030150753768844,0.06481725515626441,3.144837038703278,0.26206975322527315,21,1,200,1.0,2.4063819095477386
ab_grid__money-lognormal__income-biased__growth-random__a-0.010__b-0.200__topo-er__k-12,ab_grid,6,2026060542,2026064542,er,12,200,1200,12.0,0.06030150753768844,0.0610240145990919,2.8844410203711917,0.24037008503093263,20,1,200,1.0,2.405175879396985
ab_grid__money-lognormal__income-biased__growth-random__a-0.010__b-0.200__topo-er__k-12,ab_grid,7,2026060543,2026064543,er,12,200,1200,12.0,0.06030150753768844,0.06306861267387576,3.4985711369071804,0.29154759474226505,22,1,200,1.0,2.4052261306532663
ab_grid__money-lognormal__income-biased__growth-random__a-0.010__b-0.300__topo-er__k-12,ab_grid,0,2026060544,2026064544,er,12,200,1200,12.0,0.06030150753768844,0.05783552919388826,3.269556544854363,0.27246304540453026,22,1,200,1.0,2.3997989949748746
ab_grid__money-lognormal__income-biased__growth-random__a-0.010__b-0.300__topo-er__k-12,ab_grid,1,2026060545,2026064545,er,12,200,1200,12.0,0.06030150753768844,0.06425862164338401,3.3376638536557275,0.27813865447131064,25,1,200,1.0,2.407185929648241
ab_grid__money-lognormal__income-biased__growth-random__a-0.010__b-0.300__topo-er__k-12,ab_grid,2,2026060546,2026064546,er,12,200,1200,12.0,0.06030150753768844,0.061792924578898435,3.4409301068170506,0.28674417556808757,23,1,200,1.0,2.3964824120603017
ab_grid__money-lognormal__income-biased__growth-random__a-0.010__b-0.300__topo-er__k-12,ab_grid,3,2026060547,2026064547,er,12,200,1200,12.0,0.06030150753768844,0.05607531434853412,3.361547262794322,0.28012893856619353,22,1,200,1.0,2.397638190954774
ab_grid__money-lognormal__income-biased__growth-random__a-0.010__b-0.300__topo-er__k-12,ab_grid,4,2026060548,2026064548,er,12,200,1200,12.0,0.06030150753768844,0.06269939146680627,3.3852621759621515,0.2821051813301793,22,1,200,1.0,2.3943718592964824
ab_grid__money-lognormal__income-biased__growth-random__a-0.010__b-0.300__topo-er__k-12,ab_grid,5,2026060549,2026064549,er,12,200,1200,12.0,0.06030150753768844,0.05959402941250426,3.2741411087489802,0.27284509239574833,25,1,200,1.0,2.399597989949749
ab_grid__money-lognormal__income-biased__growth-random__a-0.010__b-0.300__topo-er__k-12,ab_grid,6,2026060550,2026064550,er,12,200,1200,12.0,0.06030150753768844,0.05660715695627859,3.181194744117373,0.2650995620097811,23,1,200,1.0,2.398793969849246
ab_grid__money-lognormal__income-biased__growth-random__a-0.010__b-0.300__topo-er__k-12,ab_grid,7,2026060551,2026064551,er,12,200,1200,12.0,0.06030150753768844,0.06093105724684669,3.2603680773802215,0.27169733978168514,21,1,200,1.0,2.3989447236180905
ab_grid__money-lognormal__income-biased__growth-random__a-0.020__b-0.100__topo-er__k-12,ab_grid,0,2026060552,2026064552,er,12,200,1200,12.0,0.06030150753768844,0.06068975095252181,3.215587038162705,0.2679655865135588,20,1,200,1.0,2.4020100502512562
ab_grid__money-lognormal__income-biased__growth-random__a-0.020__b-0.100__topo-er__k-12,ab_grid,1,2026060553,2026064553,er,12,200,1200,12.0,0.06030150753768844,0.06037320843108965,3.477067730142742,0.28975564417856187,23,1,200,1.0,2.4031658291457285
ab_grid__money-lognormal__income-biased__growth-random__a-0.020__b-0.100__topo-er__k-12,ab_grid,2,2026060554,2026064554,er,12,200,1200,12.0,0.06030150753768844,0.05667102277106984,3.6152454965050436,0.30127045804208696,23,1,200,1.0,2.392110552763819
ab_grid__money-lognormal__income-biased__growth-random__a-0.020__b-0.100__topo-er__k-12,ab_grid,3,2026060555,2026064555,er,12,200,1200,12.0,0.06030150753768844,0.0581424555406753,3.254228019054596,0.27118566825454965,21,1,200,1.0,2.4016582914572866
ab_grid__money-lognormal__income-biased__growth-random__a-0.020__b-0.100__topo-er__k-12,ab_grid,4,2026060556,2026064556,er,12,200,1200,12.0,0.06030150753768844,0.05396222057096665,3.157530680769389,0.2631275567307824,21,1,200,1.0,2.400100502512563
ab_grid__money-lognormal__income-biased__growth-random__a-0.020__b-0.100__topo-er__k-12,ab_grid,5,2026060557,2026064557,er,12,200,1200,12.0,0.06030150753768844,0.06194974057590149,3.3256578296631782,0.2771381524719315,22,1,200,1.0,2.398492462311558
ab_grid__money-lognormal__income-biased__growth-random__a-0.020__b-0.100__topo-er__k-12,ab_grid,6,2026060558,2026064558,er,12,200,1200,12.0,0.06030150753768844,0.05911371145194674,3.4292856398964493,0.2857738033247041,22,1,200,1.0,2.3963819095477388
ab_grid__money-lognormal__income-biased__growth-random__a-0.020__b-0.100__topo-er__k-12,ab_grid,7,2026060559,2026064559,er,12,200,1200,12.0,0.06030150753768844,0.0682945832976792,3.5425979167836705,0.2952164930653059,22,1,200,1.0,2.4019095477386934
ab_grid__money-lognormal__income-biased__growth-random__a-0.020__b-0.200__topo-er__k-12,ab_grid,0,2026060560,2026064560,er,12,200,1200,12.0,0.06030150753768844,0.059021475686336304,3.4219877264537346,0.28516564387114457,22,1,200,1.0,2.3965829145728645
ab_grid__money-lognormal__income-biased__growth-random__a-0.020__b-0.200__topo-er__k-12,ab_grid,1,2026060561,2026064561,er,12,200,1200,12.0,0.06030150753768844,0.05520206040949072,3.255764119219941,0.2713136766016618,21,1,200,1.0,2.3964824120603017
ab_grid__money-lognormal__income-biased__growth-random__a-0.020__b-0.200__topo-er__k-12,ab_grid,2,2026060562,2026064562,er,12,200,1200,12.0,0.06030150753768844,0.06321680475303096,3.5014282800023193,0.2917856900001933,24,1,200,1.0,2.4000502512562814
ab_grid__money-lognormal__income-biased__growth-random__a-0.020__b-0.200__topo-er__k-12,ab_grid,3,2026060563,2026064563,er,12,200,1200,12.0,0.06030150753768844,0.05693041972647235,3.351119216023208,0.27925993466860066,22,1,200,1.0,2.3990452261306534
ab_grid__money-lognormal__income-biased__growth-random__a-0.020__b-0.200__topo-er__k-12,ab_grid,4,2026060564,2026064564,er,12,200,1200,12.0,0.06030150753768844,0.055477839583876705,3.2893768406797053,0.27411473672330877,26,1,200,1.0,2.3917587939698493
ab_grid__money-lognormal__income-biased__growth-random__a-0.020__b-0.200__topo-er__k-12,ab_grid,5,2026060565,2026064565,er,12,200,1200,12.0,0.06030150753768844,0.060118268218298444,3.2357379374726873,0.26964482812272395,23,1,200,1.0,2.4010050251256283
ab_grid__money-lognormal__income-biased__growth-random__a-0.020__b-0.200__topo-er__k-12,ab_grid,6,2026060566,2026064566,er,12,200,1200,12.0,0.06030150753768844,0.05926574350142458,3.3136083051561784,0.2761340254296815,24,1,200,1.0,2.3939698492462314
ab_grid__money-lognormal__income-biased__growth-random__a-0.020__b-0.200__topo-er__k-12,ab_grid,7,2026060567,2026064567,er,12,200,1200,12.0,0.06030150753768844,0.05899541634835747,3.424908757908742,0.28540906315906184,25,1,200,1.0,2.3995477386934674
ab_grid__money-lognormal__income-biased__growth-random__a-0.020__b-0.300__topo-er__k-12,ab_grid,0,2026060568,2026064568,er,12,200,1200,12.0,0.06030150753768844,0.054954879485839214,3.2031234756093934,0.2669269563007828,21,1,200,1.0,2.395427135678392
ab_grid__money-lognormal__income-biased__growth-random__a-0.020__b-0.300__topo-er__k-12,ab_grid,1,2026060569,2026064569,er,12,200,1200,12.0,0.06030150753768844,0.05769863139096883,3.2093613071762426,0.2674467755980202,21,1,200,1.0,2.399597989949749
ab_grid__money-lognormal__income-biased__growth-random__a-0.020__b-0.300__topo-er__k-12,ab_grid,2,2026060570,2026064570,er,12,200,1200,12.0,0.06030150753768844,0.05972566915368769,3.082207001484488,0.25685058345704065,20,1,200,1.0,2.397939698492462
ab_grid__money-lognormal__income-biased__growth-random__a-0.020__b-0.300__topo-er__k-12,ab_grid,3,2026060571,2026064571,er,12,200,1200,12.0,0.06030150753768844,0.06529911110187725,3.4146742157927745,0.28455618464939786,23,1,200,1.0,2.4029145728643218
ab_grid__money-lognormal__income-biased__growth-random__a-0.020__b-0.300__topo-er__k-12,ab_grid,4,2026060572,2026064572,er,12,200,1200,12.0,0.06030150753768844,0.059809579395492654,3.1240998703626617,0.2603416558635551,21,1,200,1.0,2.3968844221105527
ab_grid__money-lognormal__income-biased__growth-random__a-0.020__b-0.300__topo-er__k-12,ab_grid,5,2026060573,2026064573,er,12,200,1200,12.0,0.06030150753768844,0.06226984994709449,3.3436506994600976,0.27863755828834147,22,1,200,1.0,2.4024623115577888
ab_grid__money-lognormal__income-biased__growth-random__a-0.020__b-0.300__topo-er__k-12,ab_grid,6,2026060574,2026064574,er,12,200,1200,12.0,0.06030150753768844,0.062581026515624,3.2233522922572395,0.26861269102143664,21,1,200,1.0,2.3983417085427137
ab_grid__money-lognormal__income-biased__growth-random__a-0.020__b-0.300__topo-er__k-12,ab_grid,7,2026060575,2026064575,er,12,200,1200,12.0,0.06030150753768844,0.055543812611537034,3.215587038162705,0.2679655865135588,20,1,200,1.0,2.4018090452261305
ab_grid__money-lognormal__income-biased__growth-random__a-0.040__b-0.100__topo-er__k-12,ab_grid,0,2026060576,2026064576,er,12,200,1200,12.0,0.06030150753768844,0.06196155598787171,3.3466401061363023,0.27888667551135854,21,1,200,1.0,2.397286432160804
ab_grid__money-lognormal__income-biased__growth-random__a-0.040__b-0.100__topo-er__k-12,ab_grid,1,2026060577,2026064577,er,12,200,1200,12.0,0.06030150753768844,0.05686174815896176,3.1780497164141406,0.26483747636784505,22,1,200,1.0,2.3946231155778896
ab_grid__money-lognormal__income-biased__growth-random__a-0.040__b-0.100__topo-er__k-12,ab_grid,2,2026060578,2026064578,er,12,200,1200,12.0,0.06030150753768844,0.06540514228633419,3.6687872655688283,0.30573227213073567,22,1,200,1.0,2.3984422110552766
ab_grid__money-lognormal__income-biased__growth-random__a-0.040__b-0.100__topo-er__k-12,ab_grid,3,2026060579,2026064579,er,12,200,1200,12.0,0.06030150753768844,0.05234528885698287,3.420526275297414,0.2850438562747845,24,1,200,1.0,2.3967336683417084
ab_grid__money-lognormal__income-biased__growth-random__a-0.040__b-0.100__topo-er__k-12,ab_grid,4,2026060580,2026064580,er,12,200,1200,12.0,0.06030150753768844,0.05513015704140008,3.2046840717924128,0.26705700598270105,24,1,200,1.0,2.395577889447236
ab_grid__money-lognormal__income-biased__growth-random__a-0.040__b-0.100__topo-er__k-12,ab_grid,5,2026060581,2026064581,er,12,200,1200,12.0,0.06030150753768844,0.056180252710825426,3.104834939252005,0.25873624493766706,21,1,200,1.0,2.3991959798994973
ab_grid__money-lognormal__income-biased__growth-random__a-0.040__b-0.100__topo-er__k-12,ab_grid,6,2026060582,2026064582,er,12,200,1200,12.0,0.06030150753768844,0.06437946912908211,3.408812109811862,0.2840676758176552,22,1,200,1.0,2.3997989949748746
ab_grid__money-lognormal__income-biased__growth-random__a-0.040__b-0.100__topo-er__k-12,ab_grid,7,2026060583,2026064583,er,12,200,1200,12.0,0.06030150753768844,0.06164123505493471,3.303028912982749,0.27525240941522905,22,1,200,1.0,2.3968844221105527
ab_grid__money-lognormal__income-biased__growth-random__a-0.040__b-0.200__topo-er__k-12,ab_grid,0,2026060584,2026064584,er,12,200,1200,12.0,0.06030150753768844,0.05730315893780019,3.3361654635224554,0.27801378862687126,23,1,200,1.0,2.399748743718593
ab_grid__money-lognormal__income-biased__growth-random__a-0.040__b-0.200__topo-er__k-12,ab_grid,1,2026060585,2026064585,er,12,200,1200,12.0,0.06030150753768844,0.06024775542654793,3.327160951922825,0.2772634126602354,20,1,200,1.0,2.39929648241206
ab_grid__money-lognormal__income-biased__growth-random__a-0.040__b-0.200__topo-er__k-12,ab_grid,2,2026060586,2026064586,er,12,200,1200,12.0,0.06030150753768844,0.06356445809802583,3.4394767043839676,0.28662305869866395,23,1,200,1.0,2.405427135678392
ab_grid__money-lognormal__income-biased__growth-random__a-0.040__b-0.200__topo-er__k-12,ab_grid,3,2026060587,2026064587,er,12,200,1200,12.0,0.06030150753768844,0.06505625308643884,3.315116890850155,0.2762597409041796,21,1,200,1.0,2.4091959798994975
ab_grid__money-lognormal__income-biased__growth-random__a-0.040__b-0.200__topo-er__k-12,ab_grid,4,2026060588,2026064588,er,12,200,1200,12.0,0.06030150753768844,0.05595397116643243,3.407345007480164,0.28394541729001366,21,1,200,1.0,2.3951256281407036
ab_grid__money-lognormal__income-biased__growth-random__a-0.040__b-0.200__topo-er__k-12,ab_grid,5,2026060589,2026064589,er,12,200,1200,12.0,0.06030150753768844,0.05922033593378994,3.456877203488721,0.28807310029072675,23,1,200,1.0,2.3971859296482414
ab_grid__money-lognormal__income-biased__growth-random__a-0.040__b-0.200__topo-er__k-12,ab_grid,6,2026060590,2026064590,er,12,200,1200,12.0,0.06030150753768844,0.06188246382549106,3.518522417151836,0.2932102014293197,23,1,200,1.0,2.40321608040201
ab_grid__money-lognormal__income-biased__growth-random__a-0.040__b-0.200__topo-er__k-12,ab_grid,7,2026060591,2026064591,er,12,200,1200,12.0,0.06030150753768844,0.05624375319383056,3.371943060017473,0.2809952550014561,22,1,200,1.0,2.4005527638190953
ab_grid__money-lognormal__income-biased__growth-random__a-0.040__b-0.300__topo-er__k-12,ab_grid,0,2026060592,2026064592,er,12,200,1200,12.0,0.06030150753768844,0.0629305513028423,3.127299154222378,0.26060826285186484,21,1,200,1.0,2.394572864321608
ab_grid__money-lognormal__income-biased__growth-random__a-0.040__b-0.300__topo-er__k-12,ab_grid,1,2026060593,2026064593,er,12,200,1200,12.0,0.06030150753768844,0.06107824854883673,3.1543620591175006,0.2628635049264584,21,1,200,1.0,2.3968341708542713
ab_grid__money-lognormal__income-biased__growth-random__a-0.040__b-0.300__topo-er__k-12,ab_grid,2,2026060594,2026064594,er,12,200,1200,12.0,0.06030150753768844,0.059186134123575214,3.3166247903554,0.2763853991962833,23,1,200,1.0,2.3973366834170853
ab_grid__money-lognormal__income-biased__growth-random__a-0.040__b-0.300__topo-er__k-12,ab_grid,3,2026060595,2026064595,er,12,200,1200,12.0,0.06030150753768844,0.06901687451209583,3.280243893371345,0.2733536577809454,23,1,200,1.0,2.402311557788945
ab_grid__money-lognormal__income-biased__growth-random__a-0.040__b-0.300__topo-er__k-12,ab_grid,4,2026060596,2026064596,er,12,200,1200,12.0,0.06030150753768844,0.06138418805137067,3.2893768406797053,0.27411473672330877,21,1,200,1.0,2.399899497487437
ab_grid__money-lognormal__income-biased__growth-random__a-0.040__b-0.300__topo-er__k-12,ab_grid,5,2026060597,2026064597,er,12,200,1200,12.0,0.06030150753768844,0.062177997321623615,3.4452866353904428,0.2871072196158702,23,1,200,1.0,2.395778894472362
ab_grid__money-lognormal__income-biased__growth-random__a-0.040__b-0.300__topo-er__k-12,ab_grid,6,2026060598,2026064598,er,12,200,1200,12.0,0.06030150753768844,0.05312828786280793,3.315116890850155,0.2762597409041796,20,1,200,1.0,2.404673366834171
ab_grid__money-lognormal__income-biased__growth-random__a-0.040__b-0.300__topo-er__k-12,ab_grid,7,2026060599,2026064599,er,12,200,1200,12.0,0.06030150753768844,0.057634989107899284,3.277193921634788,0.2730994934695657,22,1,200,1.0,2.3969849246231156
topology_growth__money-lognormal__income-biased__growth-random__a-0.020__b-0.200__topo-er__k-12,topology_growth,0,2026060600,2026064600,er,12,200,1200,12.0,0.06030150753768844,0.062387953291978014,3.3196385345395663,0.27663654454496384,21,1,200,1.0,2.398391959798995
topology_growth__money-lognormal__income-biased__growth-random__a-0.020__b-0.200__topo-er__k-12,topology_growth,1,2026060601,2026064601,er,12,200,1200,12.0,0.06030150753768844,0.04977196663845267,2.9765752132274432,0.24804793443562026,20,1,200,1.0,2.3963316582914573
topology_growth__money-lognormal__income-biased__growth-random__a-0.020__b-0.200__topo-er__k-12,topology_growth,2,2026060602,2026064602,er,12,200,1200,12.0,0.06030150753768844,0.06298496395245615,3.3181320046074116,0.276511000383951,21,1,200,1.0,2.4024120603015073
topology_growth__money-lognormal__income-biased__growth-random__a-0.020__b-0.200__topo-er__k-12,topology_growth,3,2026060603,2026064603,er,12,200,1200,12.0,0.06030150753768844,0.06047795565287822,3.2264531609803355,0.2688710967483613,21,1,200,1.0,2.400100502512563
topology_growth__money-lognormal__income-biased__growth-random__a-0.020__b-0.200__topo-er__k-12,topology_growth,4,2026060604,2026064604,er,12,200,1200,12.0,0.06030150753768844,0.053731266669347126,3.2264531609803355,0.2688710967483613,20,1,200,1.0,2.3904522613065327
topology_growth__money-lognormal__income-biased__growth-random__a-0.020__b-0.200__topo-er__k-12,topology_growth,5,2026060605,2026064605,er,12,200,1200,12.0,0.06030150753768844,0.06486481023575513,3.394112549695428,0.282842712474619,23,1,200,1.0,2.401959798994975
topology_growth__money-lognormal__income-biased__growth-random__a-0.020__b-0.200__topo-er__k-12,topology_growth,6,2026060606,2026064606,er,12,200,1200,12.0,0.06030150753768844,0.05928143661464086,2.9949958263743874,0.24958298553119895,20,1,200,1.0,2.4000502512562814
topology_growth__money-lognormal__income-biased__growth-random__a-0.020__b-0.200__topo-er__k-12,topology_growth,7,2026060607,2026064607,er,12,200,1200,12.0,0.06030150753768844,0.06238834226489019,3.479942528261063,0.28999521068842193,22,1,200,1.0,2.3980904522613065
topology_growth__money-lognormal__income-biased__growth-preferential_debt__a-0.020__b-0.200__topo-er__k-12,topology_growth,0,2026060608,2026064608,er,12,200,1200,12.0,0.06030150753768844,0.05320894206898377,3.046309242345563,0.2538591035287969,23,1,200,1.0,2.3993467336683416
topology_growth__money-lognormal__income-biased__growth-preferential_debt__a-0.020__b-0.200__topo-er__k-12,topology_growth,1,2026060609,2026064609,er,12,200,1200,12.0,0.06030150753768844,0.057063419423713534,3.1953090617340916,0.26627575514450763,21,1,200,1.0,2.399396984924623
topology_growth__money-lognormal__income-biased__growth-preferential_debt__a-0.020__b-0.200__topo-er__k-12,topology_growth,2,2026060610,2026064610,er,12,200,1200,12.0,0.06030150753768844,0.06159309221200116,3.678314831549904,0.306526235962492,23,1,200,1.0,2.3936180904522613
topology_growth__money-lognormal__income-biased__growth-preferential_debt__a-0.020__b-0.200__topo-er__k-12,topology_growth,3,2026060611,2026064611,er,12,200,1200,12.0,0.06030150753768844,0.05823074878338031,3.2109188716004646,0.26757657263337203,20,1,200,1.0,2.397738693467337
topology_growth__money-lognormal__income-biased__growth-preferential_debt__a-0.020__b-0.200__topo-er__k-12,topology_growth,4,2026060612,2026064612,er,12,200,1200,12.0,0.06030150753768844,0.05545941485415166,3.0166206257996713,0.2513850521499726,21,1,200,1.0,2.3987437185929648
topology_growth__money-lognormal__income-biased__growth-preferential_debt__a-0.020__b-0.200__topo-er__k-12,topology_growth,5,2026060613,2026064613,er,12,200,1200,12.0,0.06030150753768844,0.05751088839706079,3.24499614791759,0.27041634565979916,23,1,200,1.0,2.3956281407035176
topology_growth__money-lognormal__income-biased__growth-preferential_debt__a-0.020__b-0.200__topo-er__k-12,topology_growth,6,2026060614,2026064614,er,12,200,1200,12.0,0.06030150753768844,0.05769986171379354,3.22490309931942,0.268741924943285,21,1,200,1.0,2.396281407035176
topology_growth__money-lognormal__income-biased__growth-preferential_debt__a-0.020__b-0.200__topo-er__k-12,topology_growth,7,2026060615,2026064615,er,12,200,1200,12.0,0.06030150753768844,0.06721903535061424,3.4539832078341086,0.28783193398617574,22,1,200,1.0,2.4035175879396986
topology_growth__money-lognormal__income-biased__growth-random__a-0.020__b-0.200__topo-ba__k-12,topology_growth,0,2026060616,2026064616,ba,12,200,1200,12.0,0.06030150753768844,0.13036434981476827,8.565628990331067,0.7138024158609223,52,1,200,1.0,2.3479396984924623
topology_growth__money-lognormal__income-biased__growth-random__a-0.020__b-0.200__topo-ba__k-12,topology_growth,1,2026060617,2026064617,ba,12,200,1200,12.0,0.06030150753768844,0.1370549647522648,8.949860334105779,0.7458216945088149,66,1,200,1.0,2.330502512562814
topology_growth__money-lognormal__income-biased__growth-random__a-0.020__b-0.200__topo-ba__k-12,topology_growth,2,2026060618,2026064618,ba,12,200,1200,12.0,0.06030150753768844,0.1407905477771807,9.255808986793104,0.771317415566092,73,1,200,1.0,2.321608040201005
topology_growth__money-lognormal__income-biased__growth-random__a-0.020__b-0.200__topo-ba__k-12,topology_growth,3,2026060619,2026064619,ba,12,200,1200,12.0,0.06030150753768844,0.12602305716169337,8.637708029332781,0.7198090024443985,63,1,200,1.0,2.350603015075377
topology_growth__money-lognormal__income-biased__growth-random__a-0.020__b-0.200__topo-ba__k-12,topology_growth,4,2026060620,2026064620,ba,12,200,1200,12.0,0.06030150753768844,0.12009166421147352,8.040522371090077,0.6700435309241731,55,1,200,1.0,2.358040201005025
topology_growth__money-lognormal__income-biased__growth-random__a-0.020__b-0.200__topo-ba__k-12,topology_growth,5,2026060621,2026064621,ba,12,200,1200,12.0,0.06030150753768844,0.13966990695714251,9.132360045464699,0.7610300037887249,62,1,200,1.0,2.325175879396985
topology_growth__money-lognormal__income-biased__growth-random__a-0.020__b-0.200__topo-ba__k-12,topology_growth,6,2026060622,2026064622,ba,12,200,1200,12.0,0.06030150753768844,0.12236679117205762,8.508231308562316,0.7090192757135263,61,1,200,1.0,2.341105527638191
topology_growth__money-lognormal__income-biased__growth-random__a-0.020__b-0.200__topo-ba__k-12,topology_growth,7,2026060623,2026064623,ba,12,200,1200,12.0,0.06030150753768844,0.1539320004720855,9.333273809334,0.7777728174445001,59,1,200,1.0,2.3261306532663317
topology_growth__money-lognormal__income-biased__growth-preferential_debt__a-0.020__b-0.200__topo-ba__k-12,topology_growth,0,2026060624,2026064624,ba,12,200,1200,12.0,0.06030150753768844,0.1415359602330704,8.753856293085923,0.7294880244238269,58,1,200,1.0,2.3439195979899496
topology_growth__money-lognormal__income-biased__growth-preferential_debt__a-0.020__b-0.200__topo-ba__k-12,topology_growth,1,2026060625,2026064625,ba,12,200,1200,12.0,0.06030150753768844,0.12722680220872348,8.47938677028003,0.7066155641900025,60,1,200,1.0,2.338793969849246
topology_growth__money-lognormal__income-biased__growth-preferential_debt__a-0.020__b-0.200__topo-ba__k-12,topology_growth,2,2026060626,2026064626,ba,12,200,1200,12.0,0.06030150753768844,0.12593284970245683,8.464632301523794,0.7053860251269829,56,1,200,1.0,2.347889447236181
topology_growth__money-lognormal__income-biased__growth-preferential_debt__a-0.020__b-0.200__topo-ba__k-12,topology_growth,3,2026060627,2026064627,ba,12,200,1200,12.0,0.06030150753768844,0.13340722668199181,8.743569065318807,0.728630755443234,65,1,200,1.0,2.342964824120603
topology_growth__money-lognormal__income-biased__growth-preferential_debt__a-0.020__b-0.200__topo-ba__k-12,topology_growth,4,2026060628,2026064628,ba,12,200,1200,12.0,0.06030150753768844,0.1339558678366492,9.074139077620533,0.7561782564683778,60,1,200,1.0,2.3297989949748743
topology_growth__money-lognormal__income-biased__growth-preferential_debt__a-0.020__b-0.200__topo-ba__k-12,topology_growth,5,2026060629,2026064629,ba,12,200,1200,12.0,0.06030150753768844,0.12101282193464036,8.345058418010026,0.6954215348341689,52,1,200,1.0,2.3585427135678394
topology_growth__money-lognormal__income-biased__growth-preferential_debt__a-0.020__b-0.200__topo-ba__k-12,topology_growth,6,2026060630,2026064630,ba,12,200,1200,12.0,0.06030150753768844,0.12367583876626359,8.713208364316786,0.7261006970263989,67,1,200,1.0,2.3410552763819097
topology_growth__money-lognormal__income-biased__growth-preferential_debt__a-0.020__b-0.200__topo-ba__k-12,topology_growth,7,2026060631,2026064631,ba,12,200,1200,12.0,0.06030150753768844,0.13866460767052444,8.942594701763017,0.7452162251469181,61,1,200,1.0,2.3400502512562813
topology_growth__money-lognormal__income-biased__growth-random__a-0.020__b-0.200__topo-sw__k-12,topology_growth,0,2026060632,2026064632,sw,12,200,1200,12.0,0.06030150753768844,0.5075933510933511,0.9797958971132712,0.0816496580927726,14,1,200,1.0,2.981005025125628
topology_growth__money-lognormal__income-biased__growth-random__a-0.020__b-0.200__topo-sw__k-12,topology_growth,1,2026060633,2026064633,sw,12,200,1200,12.0,0.06030150753768844,0.5023094544344546,1.118033988749895,0.09316949906249124,16,1,200,1.0,2.9354773869346733
topology_growth__money-lognormal__income-biased__growth-random__a-0.020__b-0.200__topo-sw__k-12,topology_growth,2,2026060634,2026064634,sw,12,200,1200,12.0,0.06030150753768844,0.5281116938616941,1.0816653826391966,0.09013878188659973,15,1,200,1.0,2.990502512562814
topology_growth__money-lognormal__income-biased__growth-random__a-0.020__b-0.200__topo-sw__k-12,topology_growth,3,2026060635,2026064635,sw,12,200,1200,12.0,0.06030150753768844,0.49176187701187724,1.1532562594670797,0.09610468828892331,15,1,200,1.0,2.9202010050251257
topology_growth__money-lognormal__income-biased__growth-random__a-0.020__b-0.200__topo-sw__k-12,topology_growth,4,2026060636,2026064636,sw,12,200,1200,12.0,0.06030150753768844,0.5178506493506495,0.938083151964686,0.07817359599705716,15,1,200,1.0,2.988793969849246
topology_growth__money-lognormal__income-biased__growth-random__a-0.020__b-0.200__topo-sw__k-12,topology_growth,5,2026060637,2026064637,sw,12,200,1200,12.0,0.06030150753768844,0.5160995670995674,1.0099504938362078,0.08416254115301731,15,1,200,1.0,2.9909045226130653
topology_growth__money-lognormal__income-biased__growth-random__a-0.020__b-0.200__topo-sw__k-12,topology_growth,6,2026060638,2026064638,sw,12,200,1200,12.0,0.06030150753768844,0.5039613997113999,1.0583005244258363,0.08819171036881969,15,1,200,1.0,2.9437688442211054
topology_growth__money-lognormal__income-biased__growth-random__a-0.020__b-0.200__topo-sw__k-12,topology_growth,7,2026060639,2026064639,sw,12,200,1200,12.0,0.06030150753768844,0.5098518981018983,1.118033988749895,0.09316949906249124,15,1,200,1.0,2.9336180904522613
topology_growth__money-lognormal__income-biased__growth-preferential_debt__a-0.020__b-0.200__topo-sw__k-12,topology_growth,0,2026060640,2026064640,sw,12,200,1200,12.0,0.06030150753768844,0.5051857586857584,1.0583005244258363,0.08819171036881969,15,1,200,1.0,2.9304020100502512
topology_growth__money-lognormal__income-biased__growth-preferential_debt__a-0.020__b-0.200__topo-sw__k-12,topology_growth,1,2026060641,2026064641,sw,12,200,1200,12.0,0.06030150753768844,0.5091464923964921,1.0908712114635715,0.09090593428863096,15,1,200,1.0,2.94964824120603
topology_growth__money-lognormal__income-biased__growth-preferential_debt__a-0.020__b-0.200__topo-sw__k-12,topology_growth,2,2026060642,2026064642,sw,12,200,1200,12.0,0.06030150753768844,0.4806643495393495,1.2529964086141667,0.10441636738451389,16,1,200,1.0,2.8994472361809045
topology_growth__money-lognormal__income-biased__growth-preferential_debt__a-0.020__b-0.200__topo-sw__k-12,topology_growth,3,2026060643,2026064643,sw,12,200,1200,12.0,0.06030150753768844,0.5095009573759574,1.1090536506409416,0.0924211375534118,16,1,200,1.0,2.9950753768844223
topology_growth__money-lognormal__income-biased__growth-preferential_debt__a-0.020__b-0.200__topo-sw__k-12,topology_growth,4,2026060644,2026064644,sw,12,200,1200,12.0,0.06030150753768844,0.5157248862248865,1.0862780491200215,0.09052317076000178,15,1,200,1.0,2.9881407035175878
topology_growth__money-lognormal__income-biased__growth-preferential_debt__a-0.020__b-0.200__topo-sw__k-12,topology_growth,5,2026060645,2026064645,sw,12,200,1200,12.0,0.06030150753768844,0.504804612054612,1.019803902718557,0.08498365855987976,15,1,200,1.0,2.9341708542713567
topology_growth__money-lognormal__income-biased__growth-preferential_debt__a-0.020__b-0.200__topo-sw__k-12,topology_growth,6,2026060646,2026064646,sw,12,200,1200,12.0,0.06030150753768844,0.5261406648906652,0.9848857801796105,0.08207381501496754,16,1,200,1.0,3.0328140703517588
topology_growth__money-lognormal__income-biased__growth-preferential_debt__a-0.020__b-0.200__topo-sw__k-12,topology_growth,7,2026060647,2026064647,sw,12,200,1200,12.0,0.06030150753768844,0.5131469641469644,1.0677078252031311,0.08897565210026093,15,1,200,1.0,3.0160804020100502
